"polarity","text"
"-1","@ClaraLopezObre ¬øCu√°l es su propuesta para reducir los niveles de inseguridad? #Candidatos"
"1","RT @sandrasanchez01: Quiero ser alcalde porq ofrezco combinaci√≥n de buena gerencia y conocimiento de Bt√° v√≠a @CVderoux #LaCuidadQueQuiero h‚Ä¶"
"0","RT @CarmenA6uilar: √âL S√ç CONOCE MI CIUDAD Y CON CULTURA CIUDADANA VAMOS A #RecuperemosBogot√° #GranDebateLAFm @EnriquePenalosa URL"
"0","RT @CarmenA6uilar: √âL S√ç CONOCE MI CIUDAD Y CON CULTURA CIUDADANA VAMOS A #RecuperemosBogot√° #GranDebateLAFm @EnriquePenalosa URL"
"0","RT @CarmenA6uilar: √âL S√ç CONOCE MI CIUDAD Y CON CULTURA CIUDADANA VAMOS A #RecuperemosBogot√° #GranDebateLAFm @EnriquePenalosa URL"
"0","RT @CarmenA6uilar: √âL S√ç CONOCE MI CIUDAD Y CON CULTURA CIUDADANA VAMOS A #RecuperemosBogot√° #GranDebateLAFm @EnriquePenalosa URL"
"0","RT @CarmenA6uilar: √âL S√ç CONOCE MI CIUDAD Y CON CULTURA CIUDADANA VAMOS A #RecuperemosBogot√° #GranDebateLAFm @EnriquePenalosa URL"
"0","RT @CarmenA6uilar: √âL S√ç CONOCE MI CIUDAD Y CON CULTURA CIUDADANA VAMOS A #RecuperemosBogot√° #GranDebateLAFm @EnriquePenalosa URL"
"-1","Ser√° en los andenes porqu√© a donde m√°s? Vieja mentirosa Clara Lopez.  URL"
"0","RT @CarmenA6uilar: √âL S√ç CONOCE MI CIUDAD Y CON CULTURA CIUDADANA VAMOS A #RecuperemosBogot√° #GranDebateLAFm @EnriquePenalosa URL"
"0","RT @CarmenA6uilar: √âL S√ç CONOCE MI CIUDAD Y CON CULTURA CIUDADANA VAMOS A #RecuperemosBogot√° #GranDebateLAFm @EnriquePenalosa URL"
"0","RT @triana_david_: Clara Lopez  sus propuestas aventajan a las de otros candidatos: crecimiento econ√≥mico, educaci√≥n y buen vivir URL"
"0","RT @elbogotanodice: @PachoSantosC ""@EnriquePenalosa su hijo tiene la oportunidad de pagar una universidad cara, no todos los j√≥venes pueden‚Ä¶"
"1","RT @gycarq: @myrdur ese es uno de los muchos problemas de la educaci√≥n de nuestro bello pais. Por esto yo Apoyo #Bogotaincluyente @MMMaldon‚Ä¶"
"-1","@BluRadioCo @PachoSantosC habla de las consecuencias es verdad todo √©l es consecuencia de las drogas, solo
con verlo sabes q no debes meter"
"-1","@Amorocho @JovenesPenalosa @EnriquePenalosa @EquipoxBogota Entonces que sea Gerente de un banco, de una entidad financiera o algo as√≠."
"0","Porque los estudiantes merecen una educaci√≥n de calidad, los colegios en concesi√≥n lo demuestran. #CapitalLibre URL"
"0","RT @soniaclavo: @ClaraLopezObre por que me preocupa la educaci√≥n de mi familia, estoy con  la doctora Clara Lopez #SiYoFueraAlcalde"
"-1","@aguilasolano @totorangelm @HOLLMANMORRIS respetable."
"-1","@HOLLMANMORRIS @UTadeo_edu_co La justicia nomfunciona para los del carrucel de la contrataci√≥n como tampoco funciona para petro"
"0","RT @losemputados: ¬øPor qu√©?
Buena pregunta para @EnriquePenalosa y los medios URL"
"-1","@ClaraLopezObre @CVderoux @MMMAlcaldesa @MMMaldonadoC @DanielRaisbeck"
"0","@RevistaSemana @EnriquePenalosa URL"
"1","Vamos por esa Alcald√≠a de #Bofot√°EntreTodos con @RafaelPardo #EsElMomento URL"
"-1","Se√±or @EnriquePenalosa SI usted gana y no construye el metro o hace un metro ligero, le dar√° la raz√≥n a @DCoronell estoy seguro se la dar√°"
"-1","@BOLIVAR1973 @LopezMelt7799 @JucaBallesteros usted enfermo mental por el abuso de las drogas. Vas a sufrir con Pacho Santos alcalde"
"1","RT @alcidescon: #RecuperemosBogot√° @EnriquePenalosa Es el mejor y si lo respaldan otros candidatos es por algo. #GranDebateLAFm @vickydavil‚Ä¶"
"0","RT @julieticagalvis: Clara Lopez esta comprometida con  construcci√≤n del Metro, sin este ni se puede resolver crisis de transporte #VotoInf‚Ä¶"
"0","RT @julieticagalvis: Clara Lopez esta comprometida con  construcci√≤n del Metro, sin este ni se puede resolver crisis de transporte #VotoInf‚Ä¶"
"0","RT @julieticagalvis: Clara Lopez esta comprometida con  construcci√≤n del Metro, sin este ni se puede resolver crisis de transporte #VotoInf‚Ä¶"
"0","RT @julieticagalvis: Clara Lopez esta comprometida con  construcci√≤n del Metro, sin este ni se puede resolver crisis de transporte #VotoInf‚Ä¶"
"0","RT @julieticagalvis: Clara Lopez esta comprometida con  construcci√≤n del Metro, sin este ni se puede resolver crisis de transporte #VotoInf‚Ä¶"
"0","RT @julieticagalvis: Clara Lopez esta comprometida con  construcci√≤n del Metro, sin este ni se puede resolver crisis de transporte #VotoInf‚Ä¶"
"-1","@CamiloGuzmanSa @HOLLMANMORRIS @AlvaroUribeVel No hay izquierdista que no sea cinico..."
"-1","@EnriquePenalosa El metro elevado se ver√≠a HORRIBLE en esta ciudad que cada d√≠a se ve mas moderna.."
"-1","@nichin2701 @figuerjoda @ClaraLopezObre esa ceguera es contagiosa y se esparce como p√≥lvora!"
"-1","@ProBogotaRegion @ClaraLopezObre @ClaraAlcaldesa la √∫nica q presento 1 propuesta fue Clara L√≥pez desarrollo para una ciudad d oportunidades"
"-1","RT @RiveraNat: Una ciudad mal hecha es una desventaja comparativa NO solucionable : @EnriquePenalosa @ANDI_colombia @ProBogotaRegion #VotoI‚Ä¶"
"1","RT @MargaraOrtiz66: Sin duda alguna, la mejor opci√≥n para Bogot√° es @PachoSantosC! #CambioConSeguridad #PachoAlcalde  URL"
"0","RT @NoticiasCaracol: #DelDichoalHecho El candidato Rafael Pardo propone un carril √∫nico para motocicletas en Bogot√° #NoticiasCaracol"
"0","RT @maorubianobello: Nuestra lista @PartidoLiberal primeros/asumir compromiso #YoMeMuevoBOG  @german_ricaurte @HoracioJSerpa @RafaelPardo h‚Ä¶"
"0","PRIMICIA: Encuesta para Alcald√≠a hecha por m√≠. (La que importa)

@CVderoux 100%
Clara 0%
Pardo 0%
Pe√±alosa 0%
Pacho  0%

Universo 1."
"0","RT @JaviermPalacio: El equipo ganador #PorUnaBogotaDeCalidad #ConcejoMarqueU7 una publicidad q naci√≥ del coraz√≥n de mi hija @RafaelPardo URL"
"-1","Vi la investigaci√≥n de @AlexVernot en un centro comercial, no ten√≠a la menor idea que era candidato a la Alcald√≠a! URL"
"0","Estamos en CampusPardo con voluntariado que acompa√±ar√° el recorrido de ma√±ana a Rafael Pardo #BogotaOrganizada URL"
"1","@camilocomuna7 @HoracioJSerpa @RafaelPardo @JovenesHoracio"
"-1","RT @Garzon7Manuela: Que pesar me da @CVderoux @CLOPEZanalista y el @PartidoVerdeCoL lo estan usando para que gane Pe√±alosa @EnriquePenalosa"
"-1","#PachoSantos @PachoSantosC ""Caminando por la localidad de FONTIB√ìN""¬øpor esta escoria es que van a votar? #bogota URL"
"-1","Sigan creyendo que el cura o el pastor saben bien por quien votar , invadiendo espacio p√∫blico adem√°s. ABSURDO esto! URL"
"0","RT @maitamaia: .@DCoronell me encanta que Ud haya dicho que la gesti√≥n de .@EnriquePenalosa fu√© admirable y terminamos d√°ndole valor URL"
"-1","RT @riano_diego: #GranDebateLAFm Pe√±alosa, Pacho Santos y Pardo llaman mentiroso a @petrogustavo: reducir la desigualdad, hambre y pobreza ‚Ä¶"
"-1","RT @CLOPEZanalista: #DebateAlcaldiaBogota @EnriquePenalosa anuncia q volver√° a empezar estudios metro. Porq quiere el de √©l y no el q lleva‚Ä¶"
"0","RT @ferpinzon77: Iniciamos reuni√≥n #BogotaTieneArreglo @CVderoux @PartidoVerdeCoL @MaFeRojas @AngelicaLozanoC @CLOPEZanalista URL"
"0","RT @AndrezconZ: 100% de acceso a universidad p√∫blica!? #SiYoFueraAlcalde @ClaraLopezObre  es la respuesta... üòÅ @ClaraAlcaldesa !!! URL"
"0","RT @NavarroSenado1: #Bogot√°TieneArreglo con @CVderoux URL"
"1","@ClaraLopezObre llena de liberales hasta los corredores del Hotel Tequendama URL"
"-1",".@untalcharlie @EnriquePenalosa Sigo esperando una respuesta de @Villamizar a mi pregunta URL"
"0","RT @EnrriqueLopez10: @EnriquePenalosa #RecuperemosBogota, su infraestructura; por una ciudad digna, limpia y bonita"
"1","#PAZYCONVIVENCIA EN BOGOTA @RafaelPardo  @baena @WRadioColombia  URL"
"-1","RT @RuizCristianC: Estos son los humedales que afecta el trazado de la ALO Dr @EnriquePenalosa. Ademas de la Reserva Forestal #ALObien URL"
"-1","RT @DBonillaR: ""El pico y placa es inconveniente. Los cidadanos pagan impuestosnpara usarlo todo el d√≠a"". @PachoSantosC @LAFmNoticias #Gran‚Ä¶"
"-1","¬øse retira @AlexVernot  por falta de garant√≠as para aspirar a la Alcald√≠a de Bogot√°? Medios los aislan."
"1","RT @maeporty: Soy Uribista, soy @CeDemocratico y #VotoPorPacho, √©l ser√° alcalde de ¬°Mano firme, coraz√≥n grande! #CambioConSeguridad URL"
"-1","#GrandebateLAFm a mi Bogot√° no me huele mal sr @CVderoux"
"0","RT @Byprogresistas: Desde Boyac√° Decimos 
#FuerzaPetro 
#ColombiaHumanaYa 
@dianamotavo @periodista19 @HOLLMANMORRIS @petrogustavo URL"
"0","RT @juancadelgado: #GranDebateLAFm @ClaraLopezObre No tan Clara @CVderoux Seguro @RafaelPardo Convincente @EnriquePenalosa Demagogia @Pacho‚Ä¶"
"1","RT @sanchezjulioa: #FelizLunes #GranEncuesta, @EnriquePenalosa los ciudadanos quieren Recuperar Bogot√°  #RecuperemosBogot√° URL"
"-1","22 ni√±os intoxicados y drogados. 1 de 14 a√±os falleci√≥ x mezcla t√≥xica! Abandono de los colegios! #NoaNi√±osenDrogas #CambioConSeguridad"
"-1","Saqu√© adelante concertaci√≥n ambiental a pesar de deficiencias t√©cnicas y de enfoque pol√≠tico @CastillMiguel @ClaraLopezObre @petrogustavo"
"0","Te puedo informar que piensa candidato @RafaelPardo (@PartidoLiberal) sobre protecci√≥n animales Bogota @luishliberal URL"
"-1","@MMMaldonadoC  URL"
"-1","@AlexVernot @DanielRaisbeck Pero si nos inundan con los mismos 5 la gente creer√° que no hay  m√°s opci√≥n y votar√° por ""lo menos peor"""
"-1","RT @dianamotavo: Y como a mi las amenazas de @villamizar  no me asustan le sigo preguntando @EnriquePenalosa q piensa del escandalo de la @‚Ä¶"
"-1","@LAFmNoticias  rafael pardo que pena no plantea nada solo tira pullas"
"-1","Pacho Santos no sabe absolutamente nada."
"-1","@MMMaldonadoC  @RafaelPardo  @EnriquePenalosa @ClaraLopezObre @PachoSantosC  @CVderoux  #GranDebateLAFm me retiro que debate tan pobre !!"
"1","RT @EdwinPerez04: @cacorropacquiao "" esperando a que nuestro alcalde  @EnriquePenalosa vuelva a ganar "" URL"
"-1","RT @Cloquis: Cobren los cupos de los taxis y ah√≠ est√° la plata q falta para metro @RafaelPardo @ClaraLopezObre @EnriquePenalosa @CVderoux @‚Ä¶"
"0","RT @ferdiaze: A prop√≥sito del estado laico, @ClaraLopezObre llama a apegarse a la √∫ltima enc√≠clica papal."
"1","#LaCiudadQueQuiero Con Clara L√≥pez alcaldesa cero racismo @Poligran @ClaraLopezObre"
"1","RT @BogotaSeguraCD: Soy URIBISTA y quiero lo mejor para Bogot√° #CambioConSeguridad  #VotoPorPacho URL"
"0","RT @Danielbricen: Encuentran alg√∫n otro candidato q se levante contra el negocio del Cr√©dito Educativo como @RicardoAriasM? #SiYoFueraAlcal‚Ä¶"
"0","RT @AidaAvellaE: A pedalear por la Paz ! @UP_Colombia @ClaraLopezObre #EsPorBogota @UJPBogota @UPCentro @UP_Teusaquillo @PrensaRural URL"
"0","RT @MartinSantosR: ""Candidato @PachoSantosC declarado aficionado a marihuana, ahora quiere penalizar su consumo"" URL URL"
"0","RT @LilianaOrtUDist: Si Clara Lopez gana las elecciones el 25 de octubre para los medios de comunicaci√≥n hay empate t√©cnico y tendremos tre‚Ä¶"
"-1","@PachoSantosC @saga004 @ELTIEMPO Empiezan a prometer esta vida y la otra y luego!!!!"
"0","@RafaelPardo Cu√°l es su propuesta para de volver la seguridad y tranquilidad a las calles y parques de #Bogot√°? #CandidatosenET"
"-1","Bien eso de @EnriquePenalosa q es un buen ser humano, noble y dulce, diferente de lo q piensan quienes no lo conocen URL"
"0","RT @PolyVarsan: Recordemos.. @johnsudarsky retir√≥ apoyo a @EnriquePenalosa por ""nexos"" con @AlvaroCruzGob URL @GNavasTal‚Ä¶"
"-1","@camilocalderonx pues haces conjeturas, si estoy de este lado es por qu√© eso no va a pasar... @Juana_Dulce @RafaelPardo"
"0","Felicitaciones @ELTIEMPO por estas entrevistas, buen trabajo @YesidLancheros  URL"
"1","#RecuperemosBogot√° #GranDebateLAFm @EnriquePenalosa   inteligentes respuestas. acerto en todo"
"0","RT @vickydavilalafm: ""Me preocupa la idea de una para-polic√≠a para Bogot√°"": @ClaraLopezObre en #GranDebateLAFm"
"-1","Qu√© hijueputa importancia tiene saber el nombre de los humedales doctor @EnriquePenalosa hijueputa, incoherente burro."
"0","RT @CarmenA6uilar: √âL S√ç CONOCE MI CIUDAD Y CON CULTURA CIUDADANA VAMOS A #RecuperemosBogot√° #GranDebateLAFm @EnriquePenalosa URL"
"0","RT @Tefa_: @mariacastro1111 @HELIODOPTERO @DianaVelasquezB @AlexVernot @NataliaDeLaV @dianalzuleta DEMOCRACIA URL"
"-1","RT @JuanMOquendoL: Pe√±alosa destaco por tres cosas:Falta de respeto a Clara Lopez, discriminacion a LGTBI, y ciudad sin respeto medio ambie‚Ä¶"
"1","@RicardoAriasM De acuerdo Sr.Alcalde"
"0","@_Dauod @EnriquePenalosa / bien dicho, pensamos igual"
"-1","@titinaTM Si hay algo en que coinciden y se lo reconocen mutuamente @petrogustavo y @EnriquePenalosa aunque incomodos, es el uso de la cicla"
"1","RT @AlejandRDistrit: #GranDebateLAFm las mujeres si entendemos a Clara L√≥pez , el machismo nos va a llevar al acabose @ClaraLopezObre URL"
"1","RT @grajalesmaikel: #GranDebateLaFm @ClaraLopezObre  la felicito por pensar en el ambiente y en tecnolog√≠a el√©ctricas"
"1","@radiosantafentc vamos con toda con Clara L√≥pez para la alcald√≠a de Bogot√°! URL"
"0","RT @JuanCam53081916: @Poligran  y @MMMaldonadoC  no cuenta como candidata? Ser√° que pasaron de universidad del pensamiento a instituci√≥n po‚Ä¶"
"0","RT @arttesano: ALO y Humedales URL @CVderoux @EnriquePenalosa @PachoSantosC @ClaraLopezObre @RafaelPardo #ALOBien URL"
"0","RT @danielpalam: Reunido con artistas independientes que con su trabajo hacen una Bogot√° m√°s hermosa, eso busca el #CambioConSeguridad URL"
"0","RT @guerrerofirme: Dra. @ClaraLopezObre, NO ES CAMPA√ëA NEGRA... SE TRATA ES DE HACER MEMORIA SOBRE SU VIDA LOCA AL LADO DE S. MORENO... URL"
"1","RT @CampusPardo: En el d√≠a internacional de la juventud, conoce las iniciativas para tener una #Bogot√°Adelante con @RafaelPardo 
URL"
"1","RT @CampusPardo: En el d√≠a internacional de la juventud, conoce las iniciativas para tener una #Bogot√°Adelante con @RafaelPardo 
URL"
"1","RT @CampusPardo: En el d√≠a internacional de la juventud, conoce las iniciativas para tener una #Bogot√°Adelante con @RafaelPardo 
URL"
"1","RT @CampusPardo: En el d√≠a internacional de la juventud, conoce las iniciativas para tener una #Bogot√°Adelante con @RafaelPardo 
URL"
"1","RT @CampusPardo: En el d√≠a internacional de la juventud, conoce las iniciativas para tener una #Bogot√°Adelante con @RafaelPardo 
URL"
"-1","RT @AlejandRDistrit: Total apoyo a Clara L√≥pez puede q se haya confundido en los nombres pero Pe√±alosa es un Gamin, no sabe de educaci√≥n  h‚Ä¶"
"-1","""Fu√≠mos v√≠ctimas de la ceguera, @ClaraLopezObre era la segunda a bordo de Samuel Moreno, o es ciega o fue c√≥mplice de √©l"": @CLOPEZanalista"
"-1","Jeque √°rabe compra a Pacho Santos - Actualidad Panamericana URL"
"0","RT @RelojDeAngel: ¬øC√≥mo devolverle la autoestima a Bogot√°? URL"
"0","RT @CarlosMunozD: El sello de la campa√±a de @PachoSantosC #VotoPorPacho URL"
"1","RT @ClaraLopezObre: Viva el partido de Uribe Uribe y de Gait√°n! Arriba la esperanza que el futuro nos pertenece!!! #LiberalesConClara URL"
"0","RT @NikkoRocker: El √∫nico candidato que propone algo diferente para la alcald√≠a de Bogot√° es @DanielRaisbeck . Ideas diferentes e innovador‚Ä¶"
"0","RT @MiguelSamperS: Tanto que critica @CLOPEZanalista al samperismo...olvid√≥ que @CVderoux fue Alto Consejero de @ernestosamperp? Y luego su‚Ä¶"
"-1","Y las porpuestas de nuestra candidata @MMMaldonadoC no ser√°n escuchadas? @poligran @emisorapoli URL"
"1","RT @NataliaParraOso: Concejal @CVderoux despeja dudas jur√≠dicas y llama a aus compa√±eros no abogados a no dejarse asustar con falacias #SiC‚Ä¶"
"1","RT @AlejandRDistrit: Clara L√≥pez propone la educaci√≥n como derecho y no como un negocio de pocos #SiYoFueraAlcalde @ClaraLopezObre URL"
"-1","Escuchar a @PachoSantosC con sus ""argumentos de educaci√≥n digital"". Es confirmar sospechas de q toda su formaci√≥n fue por correspondencia."
"1","@EnriquePenalosa le neg√≥ a Bogot√° el #metro y hoy dice que lo va a hacer bien, jajajaja, que tipo tan mentiroso."
"0","RT @EmbajCampusPar: Hoy estaremos con @RafaelPardo en debate ¬øC√≥mo internacionalizar Bogot√°? en @lamilitar √önete y se un #EmbajadorCampus h‚Ä¶"
"0","""Con la educaci√≥n digital quiero romper el esquema de la educaci√≥n a una para todos, no p√∫blica ni privada"" @PachoSantosC #SiYoFueraAlcalde"
"-1","RT @JoanOsorio: @RevistaSemana @RosarioRsr y d√≥nde qued√≥ su coherencia @CLOPEZanalista ?? Oportunismo pol√≠tico el suyo al intentar enlodar ‚Ä¶"
"0","RT @PachoSantosC: Ser√© el Alcalde que dar√° la oportunidad a los ciudadanos de estudiar una carrera de forma gratuita #GranDebateLAFm #Cambi‚Ä¶"
"0","RT @CampusPardo: ""La modernizaci√≥n es sobre todo el esquema de producci√≥n alimentar√≠a"" @RafaelPardo gerente de la #BogotaOrganizada en @Cor‚Ä¶"
"-1","URL
@EnriquePenalosa  le exigi√≥ a los contratistas no ejecutar la obras de drenaje y con el relleno fluido...nos robaron"
"0","RT @Diego_Molano: Liderazgo y pie de fuerza @CDBogotaOficial para un #cambioconseguridad #laciudadquequiero URL"
"1","RT @soniaclavo: Dra Clara L√≥pez la felicito por su gran participaci√≥n en el #GranDebateLAFm ud es la mujer apropiada para administrar Bgt√°.‚Ä¶"
"0","RT @PachoSantosC: Obras inconclusas generan inseguridad en la carrilera del tren en Fontib√≥n. Comunidad pide #CambioConSeguridad URL"
"0","RT @ADI_Latino: @CVderoux aclara que un tr√°mite como la #SiConsultaAntitaurina s√≠ puede tener modificaciones en su proceso y no afectar deb‚Ä¶"
"-1","@HFCardonaG @micielin @PachoSantosC tendencia d extremos ideol√≥gicos es usar la pol√≠tica para meterse en la vida de los dem√°s. Ellos ver√°n."
"0","RT @afvillamizar: Ma√±ana  @HoracioJSerpa @JovenesHoracio lanzamiento campa√±a @concejodebogota #L1 #Bogot√°Organizada @RafaelPardo URL"
"0","RT @CampusPardo: Una #BogotaOrganizada busca modernizar la principal central alimentar√≠a de la cuidad   con el gerente @RafaelPardo URL"
"1","RT @monikforer: @MAlejandraUN @ClaraLopezObre De acuerdo, Clara L√≥pez es la √∫nica que entiende que la educaci√≥n es un derecho y no un instr‚Ä¶"
"-1","@ELTIEMPO @ClaraLopezObre en la secretaria de gobierno se manifiesta que su esposo cobraba diezm√≥ a los contratista, como va evitar eso?"
"0","@RafaelPardo dice que hay que reconocerle a cada quien lo que se merece y no polarizar a la izquierda de la derecha #LaCiudadQueQuiero"
"0","RT @ELTIEMPO: En minutos @ClaraLopezObre contestar√° sus preguntas sobre Bogot√°. Participen usando la etiqueta #CandidatosEnET"
"-1","Uno tiene que ser o muy corrupto o muy mamerto (bestia) para votar por @ClaraLopezObre exsecretaria de Moreno y esposa de otro ladr√≥n."
"0","RT @RafaelPardo: En el Auditorio FENALCO en la firma del Acuerdo Program√°tico con Afrobogotanos. Transmisi√≥n en URL URL"
"-1","@ C le acabo la teta al  nefasto Socialismo @ClaraLopezObre"
"0","RT @CaracolRadio: BOGOT√Å | #Encuesta  Si elecciones fueran ma√±ana votar√≠a por @ClaraLopezObre 21%; @RafaelPardo 20%; @EnriquePenalosa 19%; ‚Ä¶"
"1","RT @JDCastellanosO: Apoyo a @EnriquePenalosa porque en 3 a√±os ha hecho lo que 12 a√±os de administraci√≥n no han logrado #PodemosCambiemos #R‚Ä¶"
"0","RT @mazomuro: Pablo Moreno #kennedypolo86 @ClaraLopezObre soberan√≠a alimentaria @PoloDemocratico URL"
"0","RT @AndreMColorado: Temas como deporte, v√≠ctimas, movilidad, impuestos se han tocado en la #TertuliaConRaisbeckAlcalde. #RaisbeckResponde. ‚Ä¶"
"1","RT @Erivera30: @PachoSantosC #yocreodepacho que es la mejor opci√≥n para Bogot√°. URL"
"1","RT @NotiPoliticaNet: @ClaraLopezObre exhibe orgullosa el acuerdo program√°tico con el SAMPERISMO. URL"
"0","RT @ClaraLopezObre: Ma√±ana estar√© recorriendo KENNEDY desde las 9:00AM, los espero. #ConLaFuerzaDeTodos URL"
"0","RT @RedMasNoticias: BOGOT√Å| #Encuesta  Si elecciones fueran ma√±ana votar√≠a por @ClaraLopezObre 21%; @RafaelPardo 20%; @EnriquePenalosa 19%;‚Ä¶"
"1","RT @OscarUNacional: #SiYoFueraAlcalde la educaci√≥n gratuidad con calidad es la que tiene mayores recursos, eso esta Claro con  Clara Lopez ‚Ä¶"
"0","RT @gabriel15708319: @clara lopez hola cordial salud.NUESTRO TIEMPO ESTA EN EL TIEMPO PA RECORRER
TODOS LOS BARRIOS DE BOGOTA .SERAS GANADO‚Ä¶"
"-1","@potyffer @RafaelPardo tenemos que creer y asumir compromisos, cuando quieras nos reunimos y te cuento con detalle mis propuestas"
"0","@CVderoux @ClaraLopezObre @RafaelPardo @PachoSantosC  @EnriquePenalosa #GranDebateLAFm los estoy viendo!!! URL"
"-1","@losemputados @HOLLMANMORRIS @GustavoBolivar  @AlirioUribeMuoz @GestoresPaz @plastilinacrea @progresistascol @piedadcordoba Cambien a @petro"
"0","@RafaelPardo  Candidato y cual ser√° su aporte para controlar la especulaci√≥n en alimentos? URL"
"-1","@EnriquePenalosa el metro es un tema que debemos revisar muy bien, es es bandera de muchos pero compromiso real de ninguno"
"0","RT @teusacatubici: .@ClaraLopezObre colectivos probicicleta y bici-activistas deber√≠an ser financiados por el estado? #CandidatosenET @cami‚Ä¶"
"-1","@DonkaAt @petrogustavo @MMMaldonadoC"
"-1","RT @DANNYPOLITICO: Si se√±ores esos son #los3elefantes listos a seguir desfalcando #Bogota @ClaraLopezObre @ernestosamperp #Samuelito URL"
"0","RT @ClaraLopezObre: Continuamos adelante en las encuestas: Clara L√≥pez 21%. Seguimos por Bogot√° compartiendo nuestra propuesta #Encuesta URL"
"0","RT @PachoSantosC: La ALO ambiental descongestionar√° Bosa, Kennedy, Fontib√≥n, Engativ√° y Suba. La obra es necesaria #GranDebateLAFm #CambioC‚Ä¶"
"-1","@myrdur @gycarq @Poligran @MMMaldonadoC @bogincluyente Es la √∫nica con conocimientos para controvertir y responder"
"-1","@PachoSantosC Va a intervenir el monopolio de transmilenio o va a permitir que lo sigan manejando unos privados."
"0","#RicardoAriasAlcalde En este momento @RicardoAriasM en @RadioRedCo 970AM se√±al en vivo en URL quienes quieran escucharlo!"
"0","RT @jinelo: @_ajaytuque @GiordanoBrunoFi @HFCardonaG Estos son los buenos muchachos uribistas... URL"
"0","La CulturaCiudadana se cotiza en Bogot√° URL @AntanasMockus @EnriquePenalosa @RafaelPardo @CVderoux @ClaraLopezObre"
"0","RT @ClaraLopezObre: Les comparto el audio de mi entrevista esta ma√±ana con Dar√≠o Arizmendi. en @CaracolRadio URL"
"0","RT @cafrantoledo: @vickydavilalafm @RafaelPardo deben crear es condiciones para que el debate sea democr√°tico inclusi√≥n de @MMMaldonadoC"
"0","RT @NoticiasRCN: ""El @CeDemocratico no gana encuestas, gana elecciones"": @PachoSantosC #GranDebateLAFm URL"
"0","RT @katikpizarro: @ClaraLopezObre Clara L√≥pez esa ha sido una buena estrategia para fomentar la permanencia educativa. #SiYoFueraAlcalde"
"0","RT @P_BloLombana: Clara L√≥pez si tiene programa de educaci√≥n para la equidad. #SiYoFueraAlcalde URL URL"
"0","RT @ClaraLopezObre: Bogot√° debe defender sus fuentes de agua hoy en riesgo por los proyectos mineros en sus p√°ramos #LaCiudadQueQuiero URL"
"0","RT @LaudEstereo: El t√≠tulo universitario es necesario para el ascenso social, es por eso que la universidad debe ser gratuita @ClaraLopezOb‚Ä¶"
"0","RT @RPardoAlcalde: ""Si hay acuerdo de paz, es porque se ha hecho a trav√©s del di√°logo"" @RafaelPardo en @PunCardinales"
"0","RT @NoticiasRCN: Gran Encuesta: @EnriquePenalosa encabeza la intenci√≥n de voto para la Alcald√≠a de Bogot√°. URL URL"
"-1","Pero @PachoSantosC tu no eres experto en nada.
Besos
#GranDebateLAFm"
"1","""Vamos a mantener la gratuidad de la educaci√≥n"": @ClaraLopezObre  #votoinformado URL"
"0","RT @RPardoAlcalde: ""Buscar mecanismos y tecnolog√≠as que ayuden a mejorar la calidad del aire en Bogot√°"" @RafaelPardo"
"-1","RT @BluRadioCo: #TopBLU En firme investigaci√≥n a Pacho Santos por supuesta creaci√≥n de Bloque Capital URL URL"
"-1","Ojo: hay muchas fundaciones y ONGs administradas x familiares de pol√≠ticos o con compromisos de este estilo. URL"
"0","RT @AForeroM: Di√°logo popular de @AlvaroUribeVel y bancada a Concejo de @CDBogotaOficial con comunidad de Usme. #CambioConSeguridad URL"
"-1","@juancordero651 @ClaraLopezObre Solo para su informaci√≥n sobre corrupci√≥n. ¬øSalpicada Clara L√≥pez? @ClaraLopezObre URL"
"0","RT @fabioarevalo: URL  Los 5 factores esenciales de @EnriquePenalosa para ganar la alcald√≠a de Bogot√° El m√°s competente ‚Ä¶"
"-1","RT @gnn_quintero: El respeto es cultura ciudadana. Pe√±alosa aprenda de modales para tratar a una mujer.Clara Lopez  gan√≥ el debate, no es p‚Ä¶"
"-1","#GranDebateLAFm Clara Lopez no quiere hacer ALO, punto negativo, es una avenida que se necesita."
"0","RT @AlvaroUribeVel: Los M√°rtires, Bogot√°, Francisco Santos Alcalde, Diego Molano Concejo,Javier Ospina Junta Local URL"
"0","RT @CampusPardo: Una sociedad educada promueve la inclusi√≥n en todos sus √°mbitos, visi√≥n de la #BogotaOrganizada de @RafaelPardo URL"
"0","RT @Ramon__MP: El cemento ""cambia vidas""... y @EnriquePenalosa no le importan humedales. #GranDebateLAFm URL"
"0","@davoelbravo Lo invito a revisar las propuestas de @DanielRaisbeck y el partido @libertariocol"
"-1","RT @fefernandezt: La peor del #GranDebateLAFm fue @ClaraLopezObre no supo argumentar nada. Se le sali√≥ lo populista de sus amigos Samuel y ‚Ä¶"
"-1","El candidato @EnriquePenalosa se disculpa con @ClaraLopezObre, admite que por la pasi√≥n sobre la ALO se dejo llevar a ser un poco fuerte"
"0","RT @carlosfgalan: Pe√±alosa no solo enfrentar√° problemas urgentes, con su plan Bogot√° ser√° referente mundial, recuperar√° la autoestima URL"
"-1","@EnriquePenalosa lo que falta es Comandante de la Policia de Bogota"
"-1","Que vieja politiquera @ClaraLopezObre #GranDebateLAFm jajaj no tiene contenido puro blabla"
"0","RT @Fuarez: Totalmente cuestionable que Enrique Pe√±alosa tenga en su equipo de campa√±a a Andres Villamizar:
 URL"
"-1","RT @jhsm01: @EnriquePenalosa @CLOPEZanalista El es as√≠, siempre buscando esc√°ndalos y metiendo cuentos. Mucha testosterona debe ser.! Adela‚Ä¶"
"0","RT @David_Saavedra_: @EnriquePenalosa gracias! #Usaqu√©n nos recibi√≥ con un sol radiante y mil razones para que juntos #RecuperemosBogota! h‚Ä¶"
"0","RT @pierrealee: En @Bogota_DC √∫nico candidato que interact√∫a con comunidades de diferentes estratos y organizaciones es @ClaraLopezObre #Bo‚Ä¶"
"-1","RT @Tolaymaruja: ""Jeque √°rabe compra a Pacho Santos"".

URL"
"1","RT @vivianamll: @ClaraLopezObre Clara L√≥pez esa es una propuesta que nos permite ir mejorando la eficiencia del SITP. #GranDebateLAFm"
"0","RT @PachoSantosC: Comparto con ustedes la entrevista con  @MIsabelRueda URL"
"0","RT @melemca: El profe Moncayo, mis repetos. Hollman Morris, Mis respetos. Estudio, dedicaci√≥n, acci√≥n. URL"
"1","RT @yccpedro: El RioBogot√° va a ser el CentrodeBogot√° en 80a√±os.Sue√±o con un malec√≥n, un centro de integraci√≥n social alrededor del rio. @E‚Ä¶"
"-1","RT @GusAdolfoOrtiz: Pol√≠ticos como Rafael Pardo solo se suben a transmilenio cada 4 a√±os, los tales amigos del pueblo. URL"
"1","RT @AndresRojasGb: En el debate @ClaraLopezObre fue la mejor desde mi perspectiva."
"0","En debate de la @LAFmNoticias con candidatos a la Alcald√≠a de Bogot√°, @PachoSantosC sale victorioso @AlvaroUribeVel URL"
"-1","El Dj de La X es como el pacho santos de la radio. UGH."
"1","RT @sanchezjulioa: #FelizLunes #GranEncuesta, @EnriquePenalosa los ciudadanos quieren Recuperar Bogot√°  #RecuperemosBogot√° URL"
"0","RT @RafaelPardo: Escucha a @RafaelPardo ""Sobre el esc√°ndalo del 123 en Bogot√°"" via @PrensaPardo @spreaker URL"
"0","RT @DiegoDeviaT: #Usme est√° con @AlvaroUribeVel #TallerDemocratico junto a @PachoSantosC     #CambioConSeguidad @CDemocraticoBog URL"
"-1","@chalonsin @RevistaSemana @EnriquePenalosa 
Jajajajajajajajajajajajajaja"
"0","RT @MesaBiciBog: .@ClaraLopezObre de que manera promover√° la formaci√≥n y funcionamiento de colectivos probici?   #CandidatosenET @camilorey‚Ä¶"
"0","RT @carlosfgalan: Pe√±alosa no solo enfrentar√° problemas urgentes, con su plan Bogot√° ser√° referente mundial, recuperar√° la autoestima URL"
"-1","RT @NOcomacuento: Como no van a conocer los habitantes de Bogot√° a @EnriquePenalosa?. Son 5 candidaturas, 20 a√±os buscando el poder. #NoCom‚Ä¶"
"0","#RecuperemosBogota @EnriquePenalosa Me gusto haberlo escuchado ayer en el debate grandes sus propuestas"
"0","@CampusPardo @RafaelPardo y porqu√© no fueron al foro de la ANDI a decir eso?"
"0","RT @RafaelPardo: Una #Bogot√°Organizada apoya la diversidad y la igualdad de oportunidades. #DeAcuerdo. URL"
"0","#RicardoAriasAlcalde En este momento @RicardoAriasM en @RadioRedCo 970AM o se√±al en vivo en: URL"
"-1","@JLodemesa @DanielRaisbeck no s√©. Quiz√°s, pero con objetivos distintos."
"1","@ClaraLopezObre Clara L√≥pez futura alcaldesa de Bt√° priorizaci√≥n de recursos para construir cultura de paz y de derechos humanos."
"1","RT @EquipoxBogota: En la primera #GranEncuesta, la cruzada de @EnriquePenalosa aventaja notablemente las intenciones de voto. URL"
"0","@EnriquePenalosa dr. Podemos pensar en construir un gran complejo carcelario, donde los que lleguen alli pudan trabajar en algo productivo"
"-1","Esta ciudad est√° muy jodida cuando @EnriquePenalosa es algo as√≠ como un mes√≠as."
"-1","RT @macafonoverde: @theduardog @PachoSantosC si eso es exigirse,  imag√≠nense donde no..."
"1","RT @mfvalencia: Construiremos el parque san Rafael en la Calera al que sea ceder√° por telesferico desde Usaquen #RecuperemosBogota @Enrique‚Ä¶"
"-1","Candidato @EnriquePenalosa Ya puedo votar. Jura construir para todos, respetar la naturaleza y hacer cumplir los derechos civiles?"
"0","RT @avellanedalc: @robertosaenz al concejo de Bogot√° #9 y @CVderoux a la alcald√≠a son ejemplos de nuestro sello verde  @PartidoVerdeCoL URL"
"0","Yo votar√≠a por @DanielRaisbeck pero como @ClaraLopezObre va punteando ¬øel contrapeso viene siendo @RafaelPardo ? #SiYoFueraAlcalde"
"-1","RT @GabrielOdinson: Me parece m√°s atractiva e interesante la campa√±a a la Alcald√≠a de Oswald Cobblepot en 1992 que la campa√±a de Pacho Sant‚Ä¶"
"0","RT @vivian019: #LaCiudadQueQuiero es una que genere seguridad y confianza. @RafaelPardo URL"
"1","RT @Jorgebta: Terminamos nuestra jornada en el museo nacional! Gracias @CVderoux y gracias a todos los ciudadanos zanahorios!!! URL"
"-1","RT @RicardoBrill: #EXPERTA en que c√°maras resulten ""apagadas"" y no queden rastros de contratos oscuros es @ClaraLopezObre
#NoM√°sPOPOlo URL"
"-1","Anuncio mi apoyo incondicional a @PachoSantosC."
"-1","RT @SandraRodCa: @manolitosalazar @EnriquePenalosa Un absoluto Gam√≠n! Que se sabe bien los nombres de los humedales que seg√∫n el ""no existe‚Ä¶"
"0","RT @jeringa42: @PachoSantosC URL"
"0","RT @jessika_ariza: La ni√±ez es fundamental para @EnriquePenalosa por eso debemos apoyarle hasta el final para que salgamos victoriosos URL"
"1","Un #VotoInformado apoya la Bogot√° de Oportunidades de @ClaraLopezObre Excelentes propuestas econ√≥micas en Foro de la ANDI hoy."
"0","RT @Poligran: El 92% de los bogotanos no creen en la justicia @PachoSantosc URL"
"0","@CristianSossaT @PachoSantosC  Universidad Digital Gratuita, propuestas #serias #CambioConseguridad en educaci√≥n URL"
"0","RT @acnavascalixto: .@DebatesUN @maurotov @ClaraLopezObre @RafaelPardo @PachoSantosC ¬øQ opinaran d recorte en presup @Colciencias? Habr√° @R‚Ä¶"
"-1","@JAIM3_ANDR3S @EnriquePenalosa @DCoronell se nota que @PachoSantosC es solo un t√≠tere. Uribe sabe que su candidato es d√©bil."
"0","Vamos por Concejo, JAL, y Alcald√≠a, para garantizar el futuro de todos los Bogotanos #Bogot√°LaTieneClara URL"
"0","RT @PachoSantosC: Tachar de paramilitares a la Reserva Activa no es justo. All√≠ hay hombres y mujeres de bien #CambioConSeguridad #GranDeba‚Ä¶"
"-1","@CaracolRadio @FCardenasY @ClaraLopezObre @RafaelPardo @EnriquePenalosa @PachoSantosC vamos clara"
"1","RT @EquipoxBogota: Hoy no hay buena relaci√≥n entre alcalde y Polic√≠a, pero tambi√©n inseguridad se da por dejadez, falta de gerencia y desor‚Ä¶"
"0","RT @PachoSantosC: En Usme estamos en el taller democr√°tico n√∫mero 71 con la presencia @AlvaroUribeVel #CambioConSeguridad URL"
"0","RT @ClaraLopezObre: Decenas de l√≠deres sociales y candidatos a JAL que acompa√±an a @XiniaNavarro y esta candidatura #Bogot√°LaTieneClara URL"
"-1","@mazomuro #kennedypolo86 la tenemos @ClaraLopezObre"
"0","RT @ClaraLopezObre: La educaci√≥n es un derecho de todas y todos. En Bogot√° garantizaremos su gratuidad y calidad en todos los niveles. URL"
"0","RT @ClaraLopezObre: Les comparto el audio de mi entrevista esta ma√±ana con Dar√≠o Arizmendi. en @CaracolRadio URL"
"0","En el mandato de @EnriquePenalosa se construyeron las mega bibliotecas ElTintal ElTunal Virgilio Barco #RecuperemosBogota"
"0","RT @pdakennedy: Por la Bogot√° de las oportunidades #VotoInformado URL
 URL"
"0","Para @DanielRaisbeck lucrarse desconociendo Der. laborales como en colegios en concesion es legitimo. Un Farsante
#SiYoFueraAlcalde"
"-1","RT @MMMaldonadoC: No olvidar @EnriquePenalosa incorpor√≥ para usos urbanos 200 hect√°reas en Cerros Orientales,relaci√≥n directa con actuaci√≥n‚Ä¶"
"0","RT @RevistaSemana: ¬øC√≥mo resolver el l√≠o en los #cerrosorientales?, pregunta @lpizanor a @EnriquePenalosa URL"
"-1","@PachoSantosC @AlvaroUribeVel Par de alima√±as."
"1","RT @RicardoAriasM: En @corabastossa he expresado que con una correcta gerencia tendremos preparada una Corabastos tambi√©n para el futuro URL"
"-1","@DavidMR07 @ClaraLopezObre @Gunsn5SOS Falso Pe√±alosa fue el que boto la plata del metro, POLO si lo har√° en alcald√≠a de Clara L√≥pez."
"-1","RT @SergioGrandasM: Resulta q foros de @EnriquePenalosa sobre transporte p√∫blico (tipo Transmilenio) han sido financiados por Volvo, q ensa‚Ä¶"
"-1","@Jcavellanedat @AmigosMontana @Prensa_Alcaldia @luisfelipehenao @EnriquePenalosa nosotros politizamos, pero no privatizamos."
"1","RT @ceaclo: #yodefiendolafamilia @RicardoAriasM por la defensa del matrimonio entre un hombre y una mujer @LibresOficial"
"-1","RT @ManosLimpiasCo: Procurador inhabilit√≥ a S. Moreno por 18 a√±os. Su exsecretaria de gobierno @ClaraLopezObre sigue en campa√±a calladita h‚Ä¶"
"0","RT @EquipoxBogota: Vamos a recuperar Bogot√°, le vamos a devolver el autoestima a los ciudadanos por su ciudad. @EnriquePenalosa #LaCiudadQu‚Ä¶"
"-1","Por favor, @CVderoux, cuando hable sobre el apoyo a la Cultura en Bogot√°, ¬°no olvide aprender las peripecias para q le paguen a talleristas!"
"0","RT @DanielRaisbeck: Ya empieza la publicidad ilegal de campa√±as en Bogot√°. Buena foto de @RafaelPardo URL"
"1","RT @ClaraLopezObre: USME tambi√©n la tiene Clara. #BogotaLaTieneClara URL"
"0","@MMMaldonadoC ""220 MIL ESTUDIANTES EN JORNADA CONTINUA VINCULANDO EL SABER CON EL SER (ARTE, CULTURA, DEPORTE)"""
"0","RT @EnriquePenalosa: Iniciamos hangout de @RevistaSemana con @RPardoGP #Elecciones2015 #RecuperemosBogot√° URL"
"0","RT @HOLLMANMORRIS: Somos valientes y audaces para defender las diferencias,las libertades y derechos.Somos progresistas. #FuerzaPetro URL"
"0","RT @yoligrilla: ¬°Uy¬° ¬øC√≥mo as√≠? Alguno est√° mintiendo entonces: URL"
"1","@ClaraLopezObre @XiniaNavarro Vamos Mujeres!! a ganar todas!!! las mujeres estamos hechas para liderar y liderar bien!!"
"0","@RafaelPardo: herramientas de identificaci√≥n como la Tarjeta #Bogot√°Mayor para la atenci√≥n de servicios en filas y espacios #AdultoMayor"
"0","RT @EquipoxBogota: Yo creo en las alianzas p√∫blico privadas, no al divorcio de la empresa con el estado @EnriquePenalosa @ANDI_colombia URL"
"-1","si pachito Santos es alcalde de Bogot√°:
El problema consiste en quien o quienes el va a estar recibiendo asesor√≠as del manejo de la ciudad."
"-1","Decir que no subir√°n el impuesto predial es un gran error Pacho Santos @MMMaldonadoC @CandelaBogota URL"
"0","RT @german_ricaurte: En el cumplea√±os de Bogot√°, estamos removiendo publicidad ilegal del espacio p√∫blico #BogotaOrganizada @RafaelPardo URL"
"-1","@EnriquePenalosa como hago para hacerle campa√±a? Quiero una camiseta azul de su campa√±a,  as√≠ mismo acabe con la calle de bronx, urgente"
"1","RT @cambientalCD: Gran marcha ma√±ana, @cambientalCD presente por un mejor pa√≠s! @JovenBogotaCD @PachoSantosC @CDBogotaOficial"
"0","RT @ymediadeyuca: @LAFmNoticias  @CVderoux @EnriquePenalosa @PachoSantosC @RafaelPardo @ClaraLopezObre les da miedo debatir con @AlexVernot‚Ä¶"
"0","RT @OlaprensaYa: Candidata Progresista Conversando con @BruceMacMaster y la Junta Directiva de la Andi URL"
"0","RT @jorgelopezbta: @bannito2 @PachoSantosC paga para que le hagan"
"0","RT @triana_david_: #SiYoFueraAlcalde aplicar√≠a propuestas de @ClaraLopezObre para ayudar a los j√≥venes en su futuro profesional. Colegios e‚Ä¶"
"0","#GranDebateLAFm @vickydavilalafm @LAFmNoticias  Hasta ahora las propuestas m√°s sensatas @CVderoux @ClaraLopezObre @RafaelPardo"
"-1","RT @Superandianda: Al menos los votos de Pacho Santos servir√°n para calcular cu√°ntos est√∫pidos viven en Bogot√°."
"0","RT @SergioRiveros15: Candidatos que a√∫n tienen el compromiso con sus seguidores para responder un mensaje @DanielRaisbeck URL"
"0","RT @gallinagallina: @HOLLMANMORRIS @Contravia URL"
"1","RT @Samejiaa: Yo hago parte del equipo @RicardoAriasM @LibresOficial @Joveneslibresbo @JuandediosL15 por una nueva Bogot√° #RicardoAlcalde"
"-1","RT @tutorsena: @EnriquePenalosa dijo en el Foro Andi q crear @ReservaThomas es ideologismo de @petrogustavo que deforma la ciudad... URL"
"-1","@AlexVernot @HELIODOPTERO @DanielRaisbeck bueno, esta gracioso!"
"-1","RT @PrensaPardo: RAFAEL PARDO URL v√≠a @YouTube"
"-1","@faortiz7 @ClaraLopezObre 1. recuerde se√±or, una noticia no es prueba"
"-1","RT @sayalag: @AndresMejiaV : 
gracias a la vida, 
que me ha dado tanto, 
me di√≥ dos luceros 
y ese pacho santos."
"1","RT @PachoSantosC: Apoyaremos a Corabastos, lo vamos a modernizar. #CambioConSeguridad URL"
"0","RT @angelagarzonc: 80% delitos de alto impacto en Bogot√° se dan en 115 cuadras, con Secretar√≠a de Seguridad lucharemos contra criminalidad ‚Ä¶"
"0","RT @ClaraLopezObre: @MauricioGalin11 @ELTIEMPO #CandidatosenET Los animales tendr√°n 'Carta de Ciudadan√≠a' es decir Derechos. URL"
"-1","RT @losemputados: Y si convocamos una marcha por la Paz, en contra de la guerra. @HOLLMANMORRIS @IvanCepedaCast @AlirioUribeMuoz @piedadcor‚Ä¶"
"0","RT @HOLLMANMORRIS: Es claro @EnriquePenalosa no quiere Metro para Bogot√°, nos condenara a 20 a√±os m√°s sin metro. Dir√° : ""Transmilenio es un‚Ä¶"
"-1","Calmate Enrique: URL"
"-1","RT @RPardoAlcalde: ""De la pelea del alcalde con el ministro de vivienda, queda Bogot√° damnificada sin el programa de vivienda"" @RafaelPardo"
"0","RT @progresistascol: Hay que mejorar la localizaci√≥n de la vivienda y no seguir enviando vivienda a Soacha @MMMaldonadoC @VICECOL @PunCardi‚Ä¶"
"-1","RT @josemuriel34: @MartinSantosR @pachoaristi @PachoSantosC su padre se mio en campa√±a ahora eso lo hace incapaz de perseguir a farc sera v‚Ä¶"
"0","RT @RPardoAlcalde: Por una #BogotaOrganizada @RafaelPardo registrar√° en notar√≠a acuerdos program√°ticos. URL URL"
"0","RT @EquipoxBogota: #RecuperemosBogot√° de la falta de visi√≥n y liderazgo. @EnriquePenalosa URL"
"-1","@SantiLinares04 @EnriquePenalosa claro la financiera es √≠ntima de pe√±alosa por eso apoya sus absurdas ideas."
"0","@Poligran @ClaraLopezObre @ClaraAlcaldesa los estudiante queremos libertades democr√°ticas en las universidades #LaCiudadQueQuiero"
"0","RT @HELIODOPTERO: Microsoft ser√≠a inversionista de Uber. Y no me digan que Microsoft no es m√°s confiable que Uldarico Pe√±a @AlexVernot @VLA‚Ä¶"
"-1","@BluRadioCo  por Clara Lopez"
"0","RT @Ramon__MP: El cemento ""cambia vidas""... y @EnriquePenalosa no le importan humedales. #GranDebateLAFm URL"
"-1","Llega con 2 horas y media de retraso @CVderoux a #ForoEduCandidatos. Aunque con excusa, lo deja mal parado frente al p√∫blico"
"0","RT @ojoalvoto_co: ""Educaci√≥n, emprendimiento y tecnolog√≠a son los ejes centrales de mi campa√±a a Alcald√≠a"": @DanielRaisbeck via @NoticiasRC‚Ä¶"
"0","RT @ClaraLopezObre: Firmamos acuerdo program√°tico con bases liberales, con aquellos que se identifican con lo popular #LiberalesConClara URL"
"-1","@ClaraLopezObre Defiende expresamente gobierno de SAMI"
"0","El reto de educaci√≥n es la discusi√≥n de las pedagog√≠as tecnol√≥gicas #SiYoFueraAlcalde @mmmaldonadoc"
"0","RT @RafaelPardo: Tengo la experiencia por haber participado en el √∫nico proceso de paz exitoso hasta ahora. #Bogot√°Adelante URL"
"0","RT @AlexVernot: Corto Sobre El Conflicto Colombiano: Demasiado Complejo para ser resuelto por Ignorantes! URL URL"
"0","RT @LilianaOrtUDist: Preocupante  que si encuestas favorecen a Clara Lopez, medios lo niegan con ""empate t√©cnico""   #CandidatosenET #Elecci‚Ä¶"
"0","RT @PrensaPardo: Lariza Pizano se integra a la campa√±a de Rafael Pardo URL v√≠a @rafaelpardo"
"1","El proyecto pol√≠tico de la izquierda en Bogot√° lo quieren acabar sectores antidemocr√°ticos y con clara Lopez no lo vamos a permitir."
"1","RT @PachoSantosC: Presidente @AlvaroUribeVel ""Pacho Santos es hombre de mano firme. Es garant√≠a de seguridad"" #CambioConSeguridad URL"
"-1","#EnVivo #EnJaque: ‚ÄùEl caso del microtr√°fico en Bogot√° est√° desbordado‚Äù: @HOLLMANMORRIS #EleccionesBogot√°"
"-1","RT @SergioGrandasM: Estamos hechos con esos candidatos: @ClaraLopezObre no conoce nombres de los humedales y @PachoSantos dice que su mejor‚Ä¶"
"1","Gerencia, firmeza y serenidad para garantizar la seguridad alimentaria de la #BogotaOrganizada con @RafaelPardo"
"0","RT @afrosconpardo: La din√°mica de los afrobogotanos hacia @RafaelPardo crece en forma gigante, su seriedad les genera confianza URL"
"-1","RT @HOLLMANMORRIS: Esperamos que la NO inclusi√≥n de candidata Progresista @MMMaldonadoC en debate de la @LAFmNoticias no se convierta en Te‚Ä¶"
"-1","@JuanManSantos @AliciaArango @PachoSantosC @JOSEOBDULIO @OIZuluaga @ELIHARKONNEN @Doctor_Fausto @JOSEOBDULIO @jcpastrana @CeDemocratico"
"0","RT @EquipoxBogota: Queremos que nuestros j√≥venes tengan acceso a la educaci√≥n superior. #RecuperemosBogot√° @EnriquePenalosa #GranDebateLAFm"
"1","RT @dianalunareja: Querido @PachoSantosC, la mejor forma de evitar el consumo de marihuana es decirle a la gente: ""Yo consum√≠a marihuana. M‚Ä¶"
"0","RT @afvillamizar: #Bogot√°Organizada @RafaelPardo #PardoensuVentana @PartidoLiberal @partidodelaucol @MovimientoMIRA @CampusPardo URL"
"0","¬øC√≥mo lograr recuperar el amor de los ciudadanos por Bogot√°?  #Eleccion2015 @EnriquePenalosa @EquipoxBogota"
"0","RT @RafaelPardo: Buenos d√≠as. Estoy en @corabastossa para el #ForoCorabastosSeguridadAlimentaria. URL"
"-1","@MartinSantosR y qu√© nos dice de s√∫ pap√° que es aficionado a todas las drogas? Linda la doble moral que usted tiene  URL"
"0","RT @BluRadioCo: A @PachoSantosC le recuerdan su gusto por la marihuana URL #Ma√±anasBLU URL"
"0","#LaCiudadQueQuiero con bibliotecas, ciclorutas,con colegios p√∫blicosde calidad, 2600 m+cerca de las estrellas solo @EnriquePenalosa lo hara"
"0","RT @RedMasNoticias: VIDEO | 'Hay que poner la casa en orden. La ciudad reclama m√°s autoridad': @RicardoAriasM. URL URL"
"0","@ClaraLopezObre Que Opina De La Dupla @rolandocaicedo4 #Polo51 a la @ASAMBLEA_VALLE  y @AlejoGobernador URL"
"0","RT @ricardopuentesm: ""Frente a la responsabilidad de Villamizar, la campa√±a de @EnriquePenalosa usa la estrategia de 'hag√°monos los pendejo‚Ä¶"
"0","RT @RafaelPardo: ""Proyectaremos una ciudad diversa, incluyente, din√°mica y en la que todos somos bogotanos"" #DeAcuerdo En vivo por URL"
"1","RT @CampusPardo: Una Bogot√° 24 horas que garantice la seguridad y el orden es una #BogotaOrganizada de @RafaelPardo en la U Tadeo URL"
"-1","@PachoSantosC lo gano Rafael Pardo y Clara L√≥pez menos usted que es el peor usted es un desastre como alcalde caer√≠a Bogot√° en un atraso"
"0","RT @CDBogotaOficial: Los habitantes de Fontib√≥n nos reciben con cari√±o mientras escuchamos atentamente sus necesidades. @PachoSantosC URL"
"-1","""El pico y placa es una restricci√≥n inconveniente, mejor cargos por congesti√≥n"" Pacho Santos. #GranDebateLAFm"
"-1","@ClaraLopezObre apreciaci√≥n f√∫til forma deslegitimar institucionalidad @FuerzasMilCol uno es guerra y otra v√≠nculo con Morenos. No lo cree?"
"0","RT @EquipoxBogota: Queremos que nuestros j√≥venes tengan acceso a la educaci√≥n superior. #RecuperemosBogot√° @EnriquePenalosa #GranDebateLAFm"
"0","RT @RPardoAlcalde: ""Hay programas que reconozco buenos de la alcald√≠a de Petro, pero el estilo es equivocado y tiene frenado a Bogot√°"" @Raf‚Ä¶"
"1","RT @PrensaPardo: @RafaelPardo  entre los 10 mejores lideres del pa√≠s, prudencia y serenidad grandes cualidades  URL por ‚Ä¶"
"-1","RT @omarbula: .@ClaraLopezObre
""PETRA"" dice que debe ser apreciada por lo que es y no por con qui√©n anda 
‚ñ∫ ¬°Otro @petrogustavo NO! URL"
"0","RT @luzde1081: Concejal @JaviermPalacio Esta es la Bogot√° Humana @petrogustavo Que nos prometi√≥ @RafaelPardo"
"0","RT @arttesano: ALO y los Humedales URL @PachoSantosC @EnriquePenalosa @ClaraLopezObre @CVderoux @RafaelPardo URL"
"0","RT @CampusPardo: No se pierda a @RafaelPardo en @PunCardinales con @ZuluagaCamila Esta noche 9:00 pm hablando de #BogotaOrganizada URL"
"0","¬øC√≥mo devolverle la autoestima a Bogot√°? URL v√≠a @ELTIEMPO"
"0","RT @progresistascol: #SiYoFueraAlcalde @mmmaldonadoc URL"
"0","RT @CampusPardo: ""Yo me voy a dedicar a hacer el Metro"" @RafaelPardo #GranDebateLAFm URL"
"0","RT @CampusPardo: Una #BogotaOrganizada busca modernizar la principal central alimentar√≠a de la cuidad   con el gerente @RafaelPardo URL"
"0","RT @CampusPardo: En la #BogotaOrganizada la educaci√≥n a la primera infancia es fundamental. Bogot√° adelante con @RafaelPardo URL"
"0","Pueden conocer m√°s sobre nuestro plan educativo consultando el programa en URL #SiYoFueraAlcalde URL"
"-1","RT @actualidadpanam: ATENCI√ìN: Jeque √°rabe compra a Pacho Santos URL URL"
"0","RT @PartidoLiberal: Los liberales trabajamos por una #Bogota m√°s segura #LiberalesConPardo @RafaelPardo @CampusPardo URL"
"0","RT @ricardopuentesm: ""Frente a la responsabilidad de Villamizar, la campa√±a de @EnriquePenalosa usa la estrategia de 'hag√°monos los pendejo‚Ä¶"
"0","RT @PrensaPardo: Lariza Pizano se integra a la campa√±a de Rafael Pardo URL v√≠a @rafaelpardo"
"1","RT @EquipoxBogota: Somos un movimiento ciudadano que quiere el cambio para la capital. @EnriquePenalosa en @UNIMINUTORadio #AlAire #Recuper‚Ä¶"
"0","RT @RazonPublica: ¬øUna nueva ruta hacia la educaci√≥n? Por @CVderoux 
URL"
"0","@HOLLMANMORRIS @Progresistas ""Regresistas"" Bog. Humana,  √∫nica ciudad del mundo donde mueren motociclistas en huecos de calles de la ciudad."
"-1","Pacho Santos descarta encuesta para elegir candidato √∫nico a Alcald√≠a URL"
"0","RT @JaviermPalacio: Seg√∫n informe de Bogot√° Como Vamos la ciudad se raj√≥ en seguridad @petrogustavo @RafaelPardo"
"-1","Existe la democracia en Colombia? o les da miedo que los ciudadanos decentes asumamos las riendas de este pa√≠s? URL"
"-1","RT @OscarUNacional: Pe√±alosa haciendo campa√±a con cuentas  + falsas que losas de transmilenio  @EnriquePenalosa #GranDebateLAFm URL"
"1","RT @RicardoAriasM: En @corabastossa he expresado que con una correcta gerencia tendremos preparada una Corabastos tambi√©n para el futuro URL"
"1","@vanesita15071 Que no se le olvide CR CAMBIO RADICAL de vargas lleras y sus polemicos avales @EquipoxBogota @EnriquePenalosa"
"0","RT @ClaraLopezObre: Desde las 8:40 AM estar√© en el Foro #LaCiudadQueQuiero, en el @Poligran, cordial invitaci√≥n. URL"
"0","RT @vickydavilalafm: ""En los √∫ltimos 12 a√±os, Bogot√° no construy√≥ la infraestructura"": @PachoSantosC #GranDebateLAFm"
"1","RT @EquipoxBogota: Nos tomamos @salitreplazacc orgullosos de la acogida de los ciudadanos. @EnriquePenalosa #RecuperemosBogot√° URL"
"0","RT @CampusPardo: Queremos una #Bogota24Horas, queremos una #BogotaOrganizada con @RafaelPardo URL"
"1","RT @CampusPardo: Corabastos necesita gerencia eficiente como la de @RafaelPardo con firmeza y serenidad URL"
"-1","RT @BluRadioCo: #ATENCI√ìN Imputar√°n cargos a dos exfuncionarios de administraci√≥n de @ClaraLopezObre por irregularidad en contratos URL"
"1","RT @DayanaCorredor6: Por tu propuesta de inclusi√≥n a comunidad LGBTI en tu Alcald√≠a, nosotros y nosotras te apoyamos @ClaraLopezObre #GranD‚Ä¶"
"0","RT @PrensaPardo: ¬øRafael Pardo tiene ‚Äòpasta¬¥? URL v√≠a @YouTube #Imperdible el pr√≥ximo lunes @RafaelPardo"
"-1","@ClaraLopezObre @ClaraAlcaldesa ojal√° q n√≥, todos son corruptos"
"-1","@libertariocol @AlertaBogota @Btavotabien @manolitosalazar @DanielRaisbeck URL"
"0","#20deagosto debate de innovaci√≥n con candidatos a la #Alcald√≠adeBogot√° @ClaraLopezObre @EnriquePenalosa @CVderoux #Bogotainnovadora"
"-1","@jaimeocupa @EnriquePenalosa @petrogustavo gracias."
"1","RT @LAFmNoticias: Enrique Pe√±alosa pica en punta en Bogot√°, seg√∫n la Gran Encuesta URL #OigoLAFm URL"
"-1","RT @malbarracin: Lamentable la respuesta de @PachoSantosC y @EnriquePenalosa sobre #MatrimonioIgualitario y #Adopci√≥nIgualitaria difusos y ‚Ä¶"
"-1","#DespiertaColombia Samper t√°cito jefe de Santos extiende sus tent√°culos hacia Bogota e intenta coparlo todo con Clara URL"
"-1","No es un error de c√°lculo, es premeditado y calculado, lo mismo hizo @vickydavilalafm y otros ¬ødemocracia?  URL"
"-1","RT @tutorsena: @RevistaSemana @EnriquePenalosa @petrogustavo la verdad es que Uribe fue el que llev√≥ expansi√≥n urbana a Soacha."
"-1","Ser√° que al hermanito de @HOLLMANMORRIS q esta o estaba en la junta de la ETB tambi√©n le dieron ""comisi√≥n de √©xito"" URL"
"0","RT @HOLLMANMORRIS: Buenos d√≠as, favor leer y difundir. Hay esperanza. S√≠ Podemos. URL"
"-1","RT @DanielRMed: Pe√±alosa encarna el modelo depredador de cambio Radical que mata ni√±os en la Guajira URL"
"0","RT @MMMaldonadoC: Las candidatas progresistas en conversatorio !c√≥mo vamos las mujeres! @reddemujerescom @AlertaMujeress URL"
"-1","@bolitadepapel @PachoSantosC #RIPBogot√°"
"0","RT @ClaraLopezObre: Como siempre, cumpliendo la cita con la Universidad P√∫blica. #ForoEduCandidatos Radio: 90.4fm URL"
"-1","@NoticiasRCN @EnriquePenalosa recurden que las encuestas no son seguras"
"-1","Por conveniente jamas votaria por @EnriquePenalosa URL"
"-1","@elespectador @DCoronell lo √∫nico q hace es atacar a todo el que ponga en peligro lo profariano como @ClaraLopezObre es anti colombiano"
"-1","RT @Rodrigo32428451: @Semanaenvivo @EnriquePenalosa @SHOYOS si cambian de sexo porque no de partido ? Como si ser fiel a una mierda de part‚Ä¶"
"-1","@SergioGrandasM @PachoSantosC 
Claro que ha de ser su virtud...es un payaso"
"-1","Situaci√≥n actual de Colombia es preocupante. Es necesaria instrucci√≥n del CD y sus l√≠deres sobre qu√© actitud tomar. URL"
"-1","Solo inscribire mi c√©dula para que @EnriquePenalosa no sea alcalde"
"0","‚ÄúVamos a plantear una defensa de la campa√±a de @ClaraLopezObre desde todos los escenarios pol√≠ticos: @PoloDemocratico URL"
"0","RT @progresistascol: Vamos a darle continuidad a las pol√≠ticas de la Bogot√° Humana @mmmaldonadoc @Canalteleamiga @mananateleamiga URL"
"1","Clara L√≥pez supo como GANAR el #GranDebateLAFm @ClaraLopezObre Muy buenas propuestas"
"0","RT @soniaclavo: #LaCiudadQueQuiero es la ciudad donde se construya con la ""fuerza de la paz"".@ClaraLopezObre @Poligran URL"
"-1","@CaracolRadio si la se√±ora @ClaraLopezObre era amiga de los se√±ores Moreno y trabajo en su mandato currupto y nunca supo nada. #nomaspolo ."
"0","RT @LaudEstereo: @EnriquePenalosa @EquipoxBogota @CVderoux @partidoverdecol  @alianza_verdeco propuestas en educaci√≥n para Bogot√° #ForoEduC‚Ä¶"
"0","RT @_siriri_: @villamizar sea decente mijo! De un paso al costado! @EnriquePenalosa @ELTIEMPO @FiscaliaCol @elespectador"
"1","La movilidad matinal por la carrera 7a., sentido norte-sur, es un desastre, Sr. Alcalde @petrogustavo. @6AMCaracol @CVderoux @RafaelPardo."
"-1","RT @DePacotilla: La movilidad matinal por la carrera 7a., sentido norte-sur, es un desastre, Sr. Alcalde @petrogustavo. @6AMCaracol @CVdero‚Ä¶"
"0","@EnriquePenalosa como hacemos para poner varias de estas en la subida a patios? URL"
"0","RT @FerEspinosaMo: M√°s mujeres en la pol√≠tica! una Bogot√° con pol√≠tica social y ejecutoria de mujer para todoas
#Bogot√°LaTieneClara :D URL"
"-1","@DePacotilla @petrogustavo @6AMCaracol @CVderoux @RafaelPardo Pardo salve usted la septima."
"0","RT @NoticiasCaracol: #DelDichoalHecho El candidato Rafael Pardo propone un carril √∫nico para motocicletas en Bogot√° #NoticiasCaracol"
"0","RT @maorubianobello: Nuestra lista @PartidoLiberal primeros/asumir compromiso #YoMeMuevoBOG  @german_ricaurte @HoracioJSerpa @RafaelPardo h‚Ä¶"
"0","RT @JaviermPalacio: El equipo ganador #PorUnaBogotaDeCalidad #ConcejoMarqueU7 una publicidad q naci√≥ del coraz√≥n de mi hija @RafaelPardo URL"
"-1","Vi la investigaci√≥n de @AlexVernot en un centro comercial, no ten√≠a la menor idea que era candidato a la Alcald√≠a! URL"
"0","RT @DanielSamperO: . @AlexVernot ¬øperd√≥n, y el se√±or qui√©n es? ¬øAspira a que? ¬øC√≥mo se llama?"
"-1","@ClaraLopezObre El tren de cercan√≠as es un medio de transporte que ha integrado regiones con eficacia al rededor del mundo"
"0","RT @CampusPardo: Conectar la ciudad con la regi√≥n es hacer una #Bogot√°Organizada con @RafaelPardo URL"
"0","@PunCardinales @EnriquePenalosa @MMMaldonadoC @RafaelPardo @ClaraLopezObre @CVderoux #BogotaConPardo #BogotaOrganizada"
"1","RT @CampusPardo: ""¬°Zipa, Sop√≥, Chia, Tocancip√° con puestos!"" Viviendo la ciudad regi√≥n desde el Portal Norte con @RafaelPardo URL"
"0","RT @CampusPardo: ¬øCual es tu idea para la #Bogot√°Organizada? @RafaelPardo te escucha en URL"
"0","@ELTIEMPO @ClaraLopezObre aqu√≠ mi respuesta URL"
"0","@ClaraLopezObre Bogot√° cuenta con muchas recursos y bienes p√∫blicos por recuperar... esa debe ser nuestra visi√≥n"
"-1","@robertohin @EnriquePenalosa @napoleonfranco Pe√±alosa cobro bolardo a 380.000 cuando cada uno salia a 50.000 permitio la mala calidad losas"
"-1","@ClaraLopezObre recuperar lo que tenemos y volverlo nuevamente productivo. Visionaria nuestra futura Alcaldesa."
"-1","@HOLLMANMORRIS Una de las func. de los comunicadores,es precismnt,hacer eco de los q no pueden publicar su voz.. @UTadeo_edu_co"
"-1","RT @patalapajarita: @Poligran ¬øque opina @MMMaldonadoC ? Es una gran candidata"
"0","RT @The__Bosch: El expresidente Mujica le env√≠a este mensaje a @ClaraLopezObre, y dem√°s izquierdistas que dicen admirar la pobreza. URL"
"-1","Carlos Vicente De Roux"
"-1","RT @PrensaPardo: RAFAEL PARDO URL v√≠a @YouTube"
"-1","RT @MesaBiciBog: Candidata @ClaraLopezObre  continuar√° con el proyecto al colegio en bici? #CandidatosenET #VotoBici  @camilorey12 @bikethe‚Ä¶"
"-1","@Poligran @MMMaldonadoC la queremos en todos los foros y debates. Asi lo exige la ley electoral se√±ores Poligran. Bogota Humana se queda"
"-1","@MMMaldonadoC  URL"
"-1","Considero que decir ""Pacho Santos a la Alcald√≠a de Bogot√°"" es un chiste que se cuenta s√≥lo."
"1","RT @MikeSelectorDJ: Por la continuidad de la Bogot√° Humana mi Apoyo total a @MMMaldonadoC Alcaldesa #5 @progresistascol URL"
"-1","@Lucas_EscobarC @juanmurs Es Rafael Pardo."
"-1","RT @RUBYELENA1: @aguilasolano @totorangelm @HOLLMANMORRIS hay que leer e investigar, una cosa nos venden y otra realmente la que sucedi√≥."
"-1","Debate FM Radio: Pe√±alosa angustiado acusa injustamente a @ClaraLopezObre. Le toc√≥ excusarse"
"0","RT @arttesano: ALO y los Humedales URL @PachoSantosC @EnriquePenalosa @ClaraLopezObre @CVderoux @RafaelPardo URL"
"-1","Pachito Santos despitado... Pe√±alosa, altanero y ""Olvidadizo"", Roux ni fu ni fa, Pardo.... Mm quiz√°,  @ClaraLopezObre la que la tiene clara"
"0","RT @Ma78Garcia: Concejal @JaviermPalacio que buen desempe√±o ha mostrado @RafaelPardo"
"-1","RT @jairitoalvarez: @EnriquePenalosa vas ganando en las encuestas, excelente."
"-1","Habr√°* URL"
"0","@RafaelPardo ajajajajaja que tipo tan oportunista."
"0","RT @MaFeRojas: Excelente intervenci√≥n de @CVderoux Cuando hay debates sensibles, redoblan los tambores del miedo jur√≠dico URL"
"-1","@Sofia444Daniela @Elogiag @PachoSantosC vaya, que poco sabe usted de historia, mejor deje as√≠"
"-1","Tambi√©n le cae a @RafaelPardo @PachoSantosC, Petro y dem√°s pol√≠ticos colombianos. URL"
"-1","@EquipoxBogota @Rodrigo_Lara_ @EnriquePenalosa"
"-1","@MarioGalanGalan @RafaelPardo @concejodebogota como la salud ..que dice en art 48 obligatoriedad y realmente la atencion es de lun a viernes"
"1","Me encanta @mazomuro 
@CameroRivera @PDAKennedy @ClaraLopezObre #NutriendoLaEsperanza #KennedyPolo86 #Bogot√°Marcha URL"
"0","@RainAntony @RafaelPardo @concejodebogota las palabras son iguales que los hechos y son en los hechos donde se plasman las palabras"
"-1","@EnriquePenalosa La Cra 50 no tiene continuidad porque la corta las Calle 13 y Av Am√©ricas, seria bueno hacer un deprimido en ese sector."
"0","""No nos pueden quitar esto..."" URL v√≠a @CVderoux"
"-1","@EnriquePenalosa @RevistaSemana Dr Pe√±alosa siendo espwcifico que haria por la movilidad de Bogota"
"-1","Si algo he podido aprender, es que la pol√≠tica en suramerica es un negocio familiar y lucrativo ej: Clara Lopez, Maximo Kirchner"
"-1","RT @jcontrerasa: Cambio Radical (@Rodrigo_Lara_) promueve uni√≥n de Pe√±alosa, Pardo e inclusive Pacho Santos URL URL"
"-1","La faceta m√°s desconocida de @PachoSantosC 
#Entrevista v√≠a @ELTIEMPO 
URL

@Tatacabello @CeDemocratico"
"1","Vamos por esa Alcald√≠a de #Bofot√°EntreTodos con @RafaelPardo #EsElMomento URL"
"1","RT @FerEspinosaMo: En 75 d√≠as Bogot√° por primera vez tendr√° una mujer elegida alcaldesa #BogotaLaTieneClara @ClaraLopezObre @ClaraAlcaldesa"
"1","RT @carolinarespo: #CambioConSeguridad @PachoSantosC es el Alcalde que necesita Bogot√°. Es el mejor. URL"
"0","RT @bogotaincluyen1: Un partido unido siempre gana, @bogotaincluyen1 @RafaelPardo URL"
"1","@ClaraLopezObre #kennedypolo86 #latenemosclara URL"
"0","RT @yoligrilla: Gracias @EnriquePenalosa URL #memoria"
"0","Acercar el servicio al ciudadano es fundamental. Deben existir puntos disponibles 24 h. #RecuperemosBogota  URL"
"-1","@ELTIEMPO @ClaraLopezObre si como secretaria de gobierno no pudo detectar la corrupci√≥n. Siendo alcaldesa que propone para evitarla?"
"-1","Alguien que le diga a @EnriquePenalosa que a los bogotanos no nos apetece otro de sus inventos."
"0","RT @JaviermPalacio: Seg√∫n informe de Bogot√° Como Vamos la ciudad se raj√≥ en seguridad @petrogustavo @RafaelPardo"
"-1","Por aja URL"
"0","@RafaelPardo por qu√© no vender tiempo en @TransMilenio?  No frecuencias. Lo que hacen en ciudades del primer mundo"
"-1","@vickydavilalafm es un se√±or honesto @RafaelPardo que ofrece confianza"
"-1","@PachoSantosC #GranDebateLAFm @LAFmNoticias Uribe para-militariz√≥ a Colombia y usted piensa hacerlo con bogot√°, ""polic√≠a civil armada""."
"0","RT @Bejaranoconcejo: @MMMaldonadoC es la √∫nica, que propone avanzar en una Educaci√≥n para la Paz y una #Bogot√°Incluyente"
"0","RT @arttesano: ALO y los Humedales URL @PachoSantosC @EnriquePenalosa @ClaraLopezObre @CVderoux @RafaelPardo URL"
"-1","@RafaelPardo eso toca verlo igual usted no va ganar"
"-1","@gnn_quintero @ClaraLopezObre vaya q le den tamal x el voto mijita jajajajaja, partida de sinverg√ºenzas..."
"1","RT @LeszliKalli: @PachoSantosC es sin duda un tipo que conoce y quiere a Bogot√°. Esa alianza con @EnriquePenalosa ser√≠a id√≥nea. Ojala tambi‚Ä¶"
"-1","RT @luzinfinita66: Se√±ora @ClaraLopezObre  mucho cuidado, que si la visitaron la primera vez... Segurito regresan #PicaronaNo URL"
"-1","RT @omarbula: El solo publicar fotos del @PoloDemocratico y sus l√≠deres genera reacciones negativas en sus seguidores. Curioso...

#PETRA @‚Ä¶"
"-1","RT @merecumbiandofu: @luzinfinita66 @ClaraLopezObre @JOSEOBDULIO @actualidadpanam jajajajajajajaja URL"
"0","RT @opubsiam: @CVderoux  habla en Raz√≥n P√∫blica sobre educaci√≥n de Bogot√° URL Me gusta @AVerdeBogota @PartidoVerdeCoL @‚Ä¶"
"-1","@Maorodriguezgon @DanielSamperO @RafaelPardo @ClaraLopezObre @EnriquePenalosa fue tema de nuestro debate el s√°bado anterior."
"0","RT @jeringa42: @PachoSantosC URL"
"-1","@PachoSantosC  URL"
"-1","RT @yecastillox2: Por favor unanse, no queremos mas Izquierda =POLO en bogota!!@RafaelPardo @EnriquePenalosa sean estrategas!!"
"-1","@AbelloHernando @EnriquePenalosa"
"0","@CVderoux @CLOPEZanalista @AngelicaLozanoC @navarrowolff @angelamrobledo @intiasprilla ¬øsi aseguraron bien las rueditas?"
"-1","URL"
"-1","¬øDaniel Raisbeck no era del partido Conservador? Ahora qu√© hace en un movimiento libertario(?), los pol√≠ticos son muy voltiarepas."
"-1","RT @NOcomacuento: #NoComaCuento, las columnas de los amigos como @LeonValenciaA no logran esconder la corrupci√≥n. @ClaraLopezObre"
"1","Desde hoy el Bus de La Victoria rueda hac√≠a una mejor #Bogot√° #RicardoAriasAlcalde URL"
"-1","El Alem√°n sali√≥ para apoyar personalmente la campa√±a de Pacho Santos."
"0","RT @Cafsaavedra: Muy bien @CVderoux con sus tesis de ciudad. Gran candidato"
"-1","@ClaraLopezObre @udistrital lo mismo que prometio petro y que tampoco hizo."
"0","RT @afvillamizar: @Jorpastran @PartidoLiberal @RafaelPardo #Bogot√°Organizada #L30
@concejodebogota URL"
"0","RT @OlaprensaYa: ""Yo creo que m√°s que la infraestructura, la relaci√≥n es entre ni√±os, ni√±as, maestros y padres de familia"" #SiYoFueraAlcald‚Ä¶"
"-1","@MMMaldonadoC  URL"
"0","RT @EmprendeRadio: #SiYoFueraAlcalde @CVderoux ""La ciudad es lo suficientemente rica para eliminar y derrotar la pobreza extrema y la margi‚Ä¶"
"0","@ClaraLopezObre la vocaci√≥n profesional no puede hacerse ya cuando uno decide ir a la universidad  #SiYoFueraAlcalde"
"0","RT @BiciLauRamos: Clara L√≥pez habla de algo central empezar a forjar la vocaci√≥n profesional desde los colegios. #SiYoFueraAlcalde @ClaraLo‚Ä¶"
"1","@LazaroRamirez En casos como la Educaci√≥n es mejor subsidiar a la demanda (estudiantes y padres). @Miguel_AngelC @DanielRaisbeck"
"0","""El problema de la U. Distrital esa la gobernabilidad,puesto q esta administrada por una Camarilla de personas"" @CVderoux #SiYoFueraaAlcalde"
"-1","#SiYoFueraAlcalde ya habr√≠a TM por la Boyac√°, implementar√≠a metros ligeros pero invirtir√≠a el triple en educaci√≥n @EnriquePenalosa"
"0","RT @fundcorona: Los maestros deben ser agentes de educaci√≥n para la paz, para acercar a los estudiantes los problemas del pa√≠s @CVderoux #S‚Ä¶"
"0","RT @HOLLMANMORRIS: Me encontr√© este aviso en la calle. RT y compartan en redes!
#PoderNacionalProgresista
#ColombiaHumana
#FuerzaPetro URL"
"0","@EnriquePenalosa URL"
"0","@afvillamizar pero @Uber_Col es un muy buen servicio. @RafaelPardo qu√© propone en ese sentido?"
"0","RT @wilberpreciado: Imagen favorable de @PachoSantosC 26% y desfavorable 60%: encuesta @CaracolRadio @RedMasNoticias @cifrasyconcepto"
"0","@ClaraLopezObre @Poligran #LaCiudadQueQuiero est√° de su lado. ‚úå‚úå"
"-1","@LAFmNoticias preguntar√≠a a ustedes por qu√© no est√°n all√≠ todos los candidatos? Por ejemplo @RicardoAriasM ? #GranDebateLAFm"
"0","RT @Camvios: Habla @ClaraLopezObre en el Foro sobre Ed. P√∫blica en @udistrital. Propone universidad nocturna, descentralizada, incluyente y‚Ä¶"
"1","@marterlawyer @ClaraLopezObre una foto mejor URL"
"1","RT @galloogp7: #UribistaVotaUribista. Con mayor raz√≥n cuando un URIBISTA propone mejorar y ampliar cobertura de educaci√≥n. URL"
"-1","RT @milyepes: @RafaelPardo no sabe si quiera cu√°nto cuesta la m√≠nima de un taxi, as√≠ piensa hacer propuestas serias de movilidad? #GranDeba‚Ä¶"
"0","RT @CDBogotaOficial: Los habitantes de Fontib√≥n nos reciben con cari√±o mientras escuchamos atentamente sus necesidades. @PachoSantosC URL"
"0","Todos quieren campa√±a con Martha Lucia Ram√≠rez y m√°s secretos de D‚Äôarcy: Las campa√±as de Pacho Santos, Pe√±alos... URL"
"0","RT @RafaelPardo: BOGOTA! BOGOTA! FELIZ CUMPLEA√ëOS BOGOTA! #FelizCumplea√±osBogot√° URL"
"0","RT @PachoSantosC: Ser√© el Alcalde que dar√° la oportunidad a los ciudadanos de estudiar una carrera de forma gratuita #GranDebateLAFm #Cambi‚Ä¶"
"0","RT @gusgomez1701: Por qui√©n jam√°s votar√≠a: @RafaelPardo 2%, @ClaraLopezobre 18%, @EnriquePenalosa 21% y @PachoSantosC 28%: encuesta @Caraco‚Ä¶"
"0","RT @CPoliticaEAFIT: Conoce m√°s a Ricardo Arias Mora candidato a la Alcald√≠a de Bogot√°
@LibresOficial 
Tomado de: URL"
"-1","RT @CLOPEZanalista: Bien eso de @EnriquePenalosa q es un buen ser humano, noble y dulce, diferente de lo q piensan quienes no lo conocen URL"
"0","RT @conlaOrejaRoja: La c√≥lera de Clara L√≥pez.

Opina @SebastianDiazLo

URL URL"
"-1","RT @amoralesan: Lo de Pacho Santos es m√°s coreograf√≠a que ideolog√≠a..."
"-1","@CanalCapital C√©sar lo q es dl C√©sar excelente producci√≥n debate educaci√≥n CCB @RafaelPardo @EnriquePenalosa @PachoSantosC @RicardoAriasM"
"0","@Paradita El programa de gobierno de @CVderoux candidato a la Alcald√≠a por @PartidoVerdeCoL puede descargarlo en URL"
"0","RT @acnavascalixto: .@DebatesUN @maurotov @ClaraLopezObre @RafaelPardo @PachoSantosC ¬øQ opinaran d recorte en presup @Colciencias? Habr√° @R‚Ä¶"
"0","Vamos por Concejo, JAL, y Alcald√≠a, para garantizar el futuro de todos los Bogotanos #Bogot√°LaTieneClara URL"
"1","RT @Wdianaespitia: @NoticiasRCN Cansados de tanto enga√±o porque no intertar por un independiente diferente? @LibresOficial @RicardoAriasM"
"-1","RT @CLOPEZanalista: Esa es la pregunta del mill√≥n, la garant√≠a de No repetici√≥n, q @ClaraLopezObre no ha podido responder  URL"
"-1","@ClaraLopezObre @LilianaOrtUDist no le creo se√±ora clara eso es una mentira eso dijo el maravilloso petro pero no es mas que una mentira"
"-1","@ClaraLopezObre Una ciudad para la paz defiende los derechos de todos sus habitantes. ‚úå  #ConLaFuerzaDeLaPaz"
"0","Puedes conocer a un candidato diferente a la Alcald√≠a de Bogot√°, es @DanielRaisbeck.

URL"
"0","#XiniaEsClara los invitamos al lanzamiento campa√±a @ClaraLopezObre @AlexandraOrtizB @cesarandreslop #Kennedypolo86 URL"
"1","RT @AngelaLacondesa: #LaCiudadQueQuiero debe estar administrada y guiada por @EnriquePenalosa y @AntanasMockus ellos si serian un gran @Equ‚Ä¶"
"0","RT @Politicoscol: En el sondeo de @politicoscol por las alcald√≠as de Bogot√° y Medell√≠n, ganan @RafaelPardo y @HectorHAlcalde URL"
"0","RT @fullofkvlt: Mi voto es por @DanielRaisbeck , abajo la pol√≠tica tradicionalista, es momento del cambio."
"0","RT @vickydavilalafm: ""Tengo dise√±ada una campa√±a anticorrupci√≥n"": @ClaraLopezObre #GranDebateLAFm"
"-1","@ShameelThahir @DanielRaisbeck Por algo se empieza, es joven y tiene oportunidad m√°s adelante."
"1","EST√Å PROPUESTA LA AVALA FARCPOLITICOS @IvanCepedaCast @AlirioUribeMuoz @ClaraLopezObre  URL"
"0","RT @RiveraMarcelo20: @MMMaldonadoC Sue√±o con una Colombia Humana y el progresismo son los que nos pueden brindar ese privilegio por una ver‚Ä¶"
"0","C√≥mo es eso de que ahora s√≠ van a hacer lo que no hicieron cuando fueron alcaldes? #GranDebateLaFm @RafaelPardo @EnriquePenalosa"
"1","RT @MMMaldonadoC: La candidata que leg√≠timamente comprende y defiende la continuidad de los programas de Bogot√°Humana es @MMMaldonadoC Nadi‚Ä¶"
"1","@MMMaldonadoC @Todelar votar por mi por que no soy pol√≠tica soy una ciudadana con conocimiento t√©cnico"
"-1","Drama d muchos discapcitados n este sistema y aun hay gente quien cree q este sistema es lo mejor: @EnriquePenalosa  URL"
"1","@ClaraLopezObre yo estoy con Clara L√≥pez porque siempre se ha manifestado en contra de la privatizaci√≥n #VotoInformado"
"0","RT @Fundacion_ExE: Queremos crear colegios especializados que apoyen la construcci√≥n del proyecto de vida de cada estudiante @ClaraLopezObr‚Ä¶"
"1","RT @liz_5cm: Los j√≥venes estamos comprometidos con @RafaelPardo en la #MaratonConPardo  Por una #BogotaOrganizada URL"
"0","RT @RafaelPardo: Seguimos con nuestra jornada en el barrio Kennedy Central por una #Bogot√°Organizada. #Marat√≥nConPardo URL"
"0","RT @LAFmNoticias: Enrique Pe√±alosa pica en punta en Bogot√°, seg√∫n la Gran Encuesta URL #OigoLAFm"
"0","RT @CampusPardo: Los tenderos del barrio las Ferias apoyan la #BogotaOrganizada de @RafaelPardo URL"
"0","RT @PachoSantosC: Debemos tener estabilidad Jur√≠dica para los empresarios, as√≠ evitaremos que salgan de la ciudad. #CambioConSeguridad"
"0","#LaCiudadQueQuiero @EnriquePenalosa la ciudad no se debe desparramar en toda la ciudad. #RecuperemosBogot√°"
"-1","RT @ElCrespero: Cuando gan√≥ @EnriquePenalosa saben contra quien se enfrent√≥? Gan√≥ porque ten√≠a de contrincante a Moreno de Caro. Anal√≠cen."
"1","RT @ShameelThahir: @EnriquePenalosa es un tipo mediocre que afirma que har√° el metro ""m√°s barato"" para la ciudad y no el mejor #GranDebateL‚Ä¶"
"0","RT @DianaMunozC: Enrique Pe√±alosa es un gran gerente, lleva a√±os gerenciando la platica que cobra por reposici√≥n de votos en cada elecci√≥n ‚Ä¶"
"0","RT @manolitosalazar: El codirector del @PartidoLiberal @HoracioSerpa aseguro que el √∫nico candidato de esa colectividad es @RafaelPardo, lo‚Ä¶"
"0","RT @LilianaOrtUDist: Si gana Clara Lopez con 21% es empate t√©cnico para los medios, si saca  14%  como ayer es derrota inminente. Que no se‚Ä¶"
"0","Con @RafaelPardo lograremos construir  #LaCiudadQueQuiero, abierta al di√°logo y a la participaci√≥n de todos."
"0","RT @AVerdeBogota: Iniciando recorrido por bares con @CVderoux, Asobares y un gran combo que creemos que #Bogot√°TieneArreglo URL"
"-1","@ClaraLopezObre quien defienda la democracia y la  igualdad de oportunidades hace parte de una apuesta liberal que necesita Bt√°"
"-1","@orugandreisanz @PachoSantosC mas lastre su primo llevando nueva Colombia a  abismo con 140 jefes narco terroristas multimillonarios"
"1","RT @alcidescon: #RecuperemosBogot√° @EnriquePenalosa Es el mejor y si lo respaldan otros candidatos es por algo. #GranDebateLAFm @vickydavil‚Ä¶"
"0","RT @JuanpTello: Periodista de las FARC @HOLLMANMORRIS denuncia a @AlvaroUribeVel ante Tibisay Lucena, la jefe electoral de Venezuela URL"
"0","RT @Nevil_22: @HOLLMANMORRIS y @MMMaldonadoC ""El Progresismo est√° m√°s vivo q nunca y m√°s de 350 mil firmas nos respaldan. Seguimos"" URL"
"0","RT @GlodelRio: @DanielRaisbeck Por fin alguien sensato que no est√° amarrado a las mafias ni a la opini√≥n de la mayor√≠a."
"-1","RT @JuanMOquendoL: inaudito! @EnriquePenalosa cree que corea se desarrollo vendiendo pelucas y que los ni√±os del choco  deben trabajar! #Vo‚Ä¶"
"-1","@ClaraLopezObre y no se piensa en mejorar y cualificar el profesorado y la planta f√≠sica? En vez de populismo hay que mejorar lo actual"
"-1","@ClaraLopezObre se√±ora clara. Obviamente esto es un reclamo a medios para q los tengan en cuenta en debates. YA NO VOTAR√â POR USTED"
"-1","RT @PrensaTataCab: #ATENCI√ìN Imputar√°n cargos a dos exfuncionarios de administraci√≥n de @ClaraLopezObre por irregularidad en contratos URL"
"0","RT @ClaraLopezObre: Puedes seguir #ForoEduCandidatos por  URL  URL  y 90.4 fm. Acomp√°√±anos. URL"
"0","RT @CampusPardo: La seguridad debe ser integral, interna y externamente con planes conjuntos que sean efectivos. Visi√≥n de ciudad de un ger‚Ä¶"
"-1","@DianaMunozC Votar por @ClaraLopezObre es votar por el ovario izquierdo de Samuel Moreno mientras el  derecho es @EnriquePenalosa. #Carrusel"
"0","RT @FACristancho: Creo que relaci√≥n @EnriquePenalosa / @AlvaroCruzGob va m√°s all√° de simples ""felicitaciones"" al ""mejor gobernador"". URL"
"0","RT @progresistascol: Progresistas discriminados por los medios de comunicaci√≥n URL @MMMaldonadoC @HOLLMANMORRIS"
"-1","RT @NOcomacuento: @PachoSantosC Se ir√° en contrav√≠a de la Constituci√≥n? Como prohibir la dosis personal? URL  #NoComaCue‚Ä¶"
"0","RT @AurelioArturo15: Debate prueba que es imprescindible garantizar acceso de todas las poblaciones a educaci√≥n como lo hizo @BogotaHumanaY‚Ä¶"
"1","@potyffer @RafaelPardo no es s√≥lo asunto de cantidad y volumen sino de calidad y calificaci√≥n"
"-1","RT @GeoSantoshs: A Dar√≠o Arismendi no le bast√≥ con ayudar a elegir a Santos, sino que ahora tiene vetado en su emisora a Francisco Santos. ‚Ä¶"
"-1","RT @HUGOLEONROJITO: Uno pensar√≠a que @RafaelPardo es buen candidato si no coincidiera tanto con Petro y no se supiera quien est√° detr√°s de ‚Ä¶"
"-1","RT @UnCaricaturista: Es verdad que por un huequito del Pacho-M√≥vil uno le puede dar chitos a Pacho Santos?"
"-1","RT @MallarinoVictor: En varios puntos, Pe√±alosa se presenta como un candidato a√∫n peor que Francisco Santos"
"0","RT @CLARAROJASG: #BogotaLaTieneClara con #PArdoALCALDE ! @RafaelPardo @CampusPardo @PartidoLiberal @partidodelaucol @soyconservador @Movimi‚Ä¶"
"0","Dra. @ClaraLopezObre, NO ES CAMPA√ëA NEGRA... SE TRATA ES DE HACER MEMORIA SOBRE SU VIDA LOCA AL LADO DE S. MORENO... URL"
"0","RT @JovenesHoracio: @HoracioJSerpa @RafaelPardo vamos a gerenciar a Bogot√° como se debe!!! Los j√≥venes hacemos parte de esto ahora!!!! URL"
"-1","@HOLLMANMORRIS vicky vendi√≥ hace mucho tiempo su raz√≥n  publica y la raz√≥n ptivada la cambio por una manzana postob√≥n como le sucedi√≥ a Eva."
"0","RT @LaFuiciosa: Jajajajajajaja acomodada hijueputa. URL"
"0","RT @jcpastrana: Clara L√≥pez sella alianza con samperistas de Samuel Moreno URL"
"-1","@PachoAlerta @EnriquePenalosa OJO QUE SANTOS Y PETRO tienen un acuerdo de unir a RAFAEL PARDO CON CLARA L√ìPEZ. PARDO ES SOLO UN COMOD√çN."
"1","RT @mendez_grb: #GranDebateLAFm Clara L√≥pez sigue firme y contundente con propuestas de seguridad y transporte.@ClaraLopezObre URL"
"0","RT @ClaraLopezObre: Las mujeres nos estamos empoderando. Ser√© la primera mujer Alcalde electa de Bogot√°. #GranDebateLaFM URL"
"-1","@EnriquePenalosa @RevistaSemana Tecnolog√≠as limpias ¬øQu√© opina de taxis y buses el√©ctricos? #Elecciones2015"
"-1","@felipemoraless @CLOPEZanalista @PachoSantosC @EnriquePenalosa @German_Vargas ¬øen serio? ... Los viejos h√°bitos pol√≠ticos continuan. üôÖ"
"1","RT @oberardinelli: Porque para ver el cambio hay que hacer el cambio. #CambioConSeguridad @AlvaroUribeVel @PachoSantosC @PaolaHolguin URL"
"-1","RT @malbarracin: Cobardes y difusos @EnriquePenalosa y @PachoSantosC NO se comprometieron sobre #MatrimonioIgualitario #Adopci√≥nIgualitaria‚Ä¶"
"1","Con Clara Lopez tenemos  certeza de su compromiso con mejorar educaci√≥n superior  p√∫blica para + cobertura mejor calidad #SiYoFueraAlcalde"
"1","#CandidatoVERDE @CVderoux es el mas ponderado, sensato, preparado.No viene a pelear sino a gobernar y mejorarBogot√°! URL"
"-1","@elespectador @FelixEGuerrero @CLOPEZanalista @ClaraLopezObre BOGOTANOS no voten mas por guerilleros ""BOGOTA INHUMANA"""
"0","@petrogustavo @HOLLMANMORRIS @progresistascol @BogotaHumanaYA #BogotaSinToreo #BogotaSinToreo @Byprogresistas URL"
"-1","@CVderoux No s√© q tan leoninos sean pero preferir√≠a q los firmaran con Telmex y Movistar? Mejorar l√≠nea de defensa de lo p√∫blico y lo local!"
"-1","Preguntandole a @ClaraLopezObre sobre Samuel en #CandidatosenET, me acuerdo del otro alias ""Samuel"" @_El_Patriota, igual de perversos!"
"0","RT @DavidFdo: @vivibarreral @LAFmNoticias @HassNassar @ClaraLopezObre URL"
"0","RT @UsaquenAnaMaGar: Votaciones vs manipuladas encuestas @ClaraLopezObre @AlirioUribeMuoz @IvanCepedaCast @R_AndreaRamirez @Garzon7Manuel h‚Ä¶"
"-1","RT @JuanPabloMorris: @hectorgarcia198 @HOLLMANMORRIS @ProgresistaxBta @Bogota_DC Deja la amargura y camina por los cerros veras esa cascada‚Ä¶"
"0","#SiYoFueraAlcalde @mmmaldonadoc URL"
"1","Porque amo a mi ciudad es que votar√© por la mejor opci√≥n URL #RecuperemosBogot√° @EnriquePenalosa"
"1","RT @MargaraOrtiz66: #UribistaVotaUribista #O25 #VotoPorPacho marca con una ‚ùé el logo de ¬°Mano firme, coraz√≥n grande! #CambioConSeguridad URL"
"-1","Mi deseo de vida perfecta es como el deseo de clara lopez de que le toquen  el trasero en transmilenio. Eso no suceder√° üò¢üò¢üò¢ #BuenViernes"
"0","RT @EsaNoSoyYO8: @CampoLaura1 @EnriquePenalosa @RafaelPardo 
Y seguiremos asi
No se ve cambio
No hay actitud de cambio
Clara hecatombe
Desa‚Ä¶"
"-1","@Yuyo1977 @RafaelPardo @EnriquePenalosa @Uber_Col que dicen ?"
"1","#elecciones2015 @RPardoGP ¬øc√≥mo se le va a brindar apoyo a los profesores de Educaci√≥n Media y Superior? @EnriquePenalosa"
"-1","@RevistaSemana @EnriquePenalosa se debe a su negocio-robo del transmilenio! no sea descarado!"
"0","@RafaelPardo @ELTIEMPO #CandidatosenET Rafa porque no nos dice la absoluta verdad de quien es usted realmente"
"-1","@RevistaSemana @CConstitucional @EnriquePenalosa la corrupci√≥n estatal nos tiene m√°s jodido que la guerrilla y narcos! Hasta cu√°ndo?"
"0","#CandidatosenET @RafaelPardo que piensa de la corrida de toros? todav√≠a dice que no es tema suyo??"
"0","@RafaelPardo ¬øCu√°l ser√° la propuesta para comunidad LGBTI durante su mandato como Alcalde? #CandidatosEnET @ELTIEMPO ¬°gracias!"
"-1","Memes: As√≠ se burlan del 'Pachom√≥vil' de Francisco Santos URL V√≠a @PublimetroCol"
"-1","Memes: As√≠ se burlan del 'Pachom√≥vil' de Francisco Santos URL"
"0","Memes: As√≠ se burlan del 'Pachom√≥vil' de Francisco Santos: Los candidatos a la Alcald√≠a de Bogot√° han hecho de... URL"
"-1","Memes: As√≠ se burlan del 'Pachom√≥vil' de Francisco Santos URL"
"0","RT @charry_manager: @MMMaldonadoC  URL"
"-1","@BiciLauRamos @ClaraLopezObre URL"
"-1","@ClaraLopezObre es usted la mas preparada....para seguir acabando con Bogot√°,callo ante saqueo de samuel y desorden petro @Citytv @ELTIEMPO"
"-1","RT @alexa07022015: .@DouglasSenador @ClaraLopezObre @CeciliaOrozcoT 
URL"
"-1","RT @alexa07022015: .@DouglasSenador @ClaraLopezObre @CeciliaOrozcoT 
URL"
"-1","@MMMaldonadoC mejor que no fue al #GranDebateLAFm porque nadie dijo nada bueno y se agarraron como ni√±os chiquitos entre ellos. Saludos."
"-1","Rafael Pardo ¬°no! nunca ese se√±or. El Candidato oficial de ESTE presidente, ser√≠a como hacerle esto a Bogot√° URL"
"0","RT @DazaAlfredo: #FuerzaProgresistas URL"
"-1","Las razones contundentes por las cuales NO votar√© por Clara Lopez!!

Lo oscuro de Clara URL v√≠a @elespectador"
"0","@arttesano @PachoSantosC @EnriquePenalosa @ClaraLopezObre @CVderoux @RafaelPardo @petrogustavo y la #Conejera del #CartelAlcocer ?"
"-1","@HOLLMANMORRIS @LAFmNoticias @BogotaHumanaYA @ProgresistasBta cual humana iluso"
"0","@PrensaPardo @RafaelPardo @LAFmNoticias LOS ULTIMOS ALCALDES CON SU TEORIA TRASNOCHADA DE LA LUCHA DE CLASES NOS HUNDIERON EN EL RESQUEMOR."
"-1","@PaolaSenadora @PachoSantosC @PaolaHolguin @CeDemocratico jajajajaja! Ojala se lance pa presi en el 2018 tambien!"
"-1","RT @Dannmao: Est√° dif√≠cil la elecci√≥n a la alcald√≠a de Bogot√°. Bueno, cualquiera menos Francisco Santos."
"1","RT @PajaroHeidy: #BogotaHumanaSeQueda #Vote5  #CharryAlConcejo18 
@charry_manager 
@MMMaldonadoC 
@VictorViviescas URL"
"1","#Bogot√°Organizada  con @RafaelPardo y @HoracioJSerpa @leonardo_edil Bogot√° debe ser una mejor ciudad para todos hay mucho que hacer..."
"-1","@EquipoxBogota @EnriquePenalosa usted le entrego trasmilenio a los empresarios su mandato es como las lozas no sirven"
"-1","""Fichas"" de Samuel Moreno est√°n en campa√±a de Clara L√≥pez  
URL  

#Bogot√°"
"0","RT @biolucho2005: @VancliffDesign @RUBYELENA1 @HOLLMANMORRIS URL"
"-1","A Pacho Santos ni lo miremos..."
"-1","RT @GusAdolfoOrtiz: Porque sera que @ClaraLopezObre solo se rodea de pillos, guerrilleros y incompetentes? URL"
"1","RT @JorgeLuisDaguer: Excelente las respuestas de @ClaraLopezObre en el #GranDebateLAFm, los dej√≥ viendo un chispero a todos. #Bogot√°LaTiene‚Ä¶"
"-1","@PachoSantosC @MariaUribe64 Seria mejor q los productos del campo, lo industrialicen en su origen para no encarecer la alimentaci√≥n."
"1","RT @HELIODOPTERO: Con gusto y sin dudas, anticipo mi voto para alcalde de Bogot√° por @AlexVernot cc @NataliaDeLaV @dianalzuleta"
"1","#suguridadparticipativa @mazomuro @CameroRivera @pdakennedy @ClaraLopezObre #nutriendolaesperanza en #kennedypolo86  URL"
"0","RT @JovenesHoracio: @HoracioJSerpa @RafaelPardo vamos a gerenciar a Bogot√° como se debe!!! Los j√≥venes hacemos parte de esto ahora!!!! URL"
"1","Muy buenas las fotos de @RafaelPardo con los Serpa. Se ven muy bien."
"-1","RT @vivibarreral: Ay se disgusto? Me parece q su intolerancia, se√±ora @ClaraLopezObre ,es mal s√≠ntoma para pretender ser alcalde de Bt√° URL"
"1","RT @JorgeLuisDaguer: Excelente las respuestas de @ClaraLopezObre en el #GranDebateLAFm, los dej√≥ viendo un chispero a todos. #Bogot√°LaTiene‚Ä¶"
"1","RT @JorgeLuisDaguer: Excelente las respuestas de @ClaraLopezObre en el #GranDebateLAFm, los dej√≥ viendo un chispero a todos. #Bogot√°LaTiene‚Ä¶"
"1","RT @JorgeLuisDaguer: Excelente las respuestas de @ClaraLopezObre en el #GranDebateLAFm, los dej√≥ viendo un chispero a todos. #Bogot√°LaTiene‚Ä¶"
"1","RT @JorgeLuisDaguer: Excelente las respuestas de @ClaraLopezObre en el #GranDebateLAFm, los dej√≥ viendo un chispero a todos. #Bogot√°LaTiene‚Ä¶"
"1","RT @JorgeLuisDaguer: Excelente las respuestas de @ClaraLopezObre en el #GranDebateLAFm, los dej√≥ viendo un chispero a todos. #Bogot√°LaTiene‚Ä¶"
"1","RT @JorgeLuisDaguer: Excelente las respuestas de @ClaraLopezObre en el #GranDebateLAFm, los dej√≥ viendo un chispero a todos. #Bogot√°LaTiene‚Ä¶"
"1","RT @JorgeLuisDaguer: Excelente las respuestas de @ClaraLopezObre en el #GranDebateLAFm, los dej√≥ viendo un chispero a todos. #Bogot√°LaTiene‚Ä¶"
"1","RT @DayanaCorredor6: Por tu propuesta de inclusi√≥n a comunidad LGBTI en tu Alcald√≠a, nosotros y nosotras te apoyamos @ClaraLopezObre #GranD‚Ä¶"
"0","URL URL"
"-1","RT @FelipeAcevedoM: Enrique Pe√±alosa nos cree bobos dici√©ndonos que ahora s√≠ le gusta el metro, la verdad no entiendo su manera de hacer po‚Ä¶"
"1","Gracias @JUANGO07 por esta muestra de cari√±o con Bogot√°, por unirte a la gran cruzada para que #RecuperemosBogot√°.  URL"
"1","@ELTIEMPO @ClaraLopezObre no voto por clara !"
"-1","#elecciones2015 ¬øc√≥mo piensa proteger los cerros haci√©ndolos parte de la ciudad? @EnriquePenalosa"
"0","RT @EraPadreChucha: @DiezFerchito @vivibarreral @JuanUrregoR @DCoronell @EnriquePenalosa Esto URL"
"-1","@AngelaZuluagaT @ClaraLopezObre @IvanCepedaCast @JERobledo LA ESCORIA UNIDA"
"-1","@PeatonBog @Maorodriguezgon @Andenparapeaton @deespacio @idubogota @ReyPeaton @EquipoPeatones @EnriquePenalosa @carlosfpardo"
"0","@CampusPardo #BogotaOrganizada URL"
"-1","RT @caprjournalism: Para los que todavia creen que @ClaraLopezObre es es camino, la verdad y la vida... para Bogota URL"
"-1","RT @nicolasAmon: El cami√≥n de Francisco Santos parqueado sobre el anden: URL"
"-1","Soberbia de @ClaraLopezObre es su mayor obstaculo. @NoticiasRCN"
"-1","@PachoSantosC no vuelva"
"-1","Muy triste a lo que ha llegado @RafaelPardo . Parece propuesta de Petro. URL"
"1","@BluRadioCo @RafaelPardo excelente lo del carril exclusivo"
"0","Destituido el jefe de @ClaraLopezObre por carrusel de corrupci√≥n en Bogot√°. URL"
"0","@FdoQuijano @roures1 @ismene2 @RosiGaviria @migueramos La dosis personal de @PachoSantosC hace 18 a√±os URL @lasillavacia"
"-1","Los bogotanos impedir√°n que la ciudad vuelva a manos de la oligarqu√≠a neoliberal. URL"
"1","Se debe administrar de manera ordenada el agua potable en Bogota, igualdad en todas los rincones de Bogota . @EnriquePenalosa"
"-1","@EnriquePenalosa:INDIGNANTE que @PoloDemocratico yTUBOLETA empapelen.FRUSTRANTE que ALCALDIA lo haga en vez de multar URL"
"0","@petrogustavo @ClaraLopezObre @PoloDemocratico @HassNassar URL"
"-1","#LosCerrosNoSeVenden URL"
"-1","RT @dinotonini: @luisffierro @ernestosamper presidentes m√°s malos todos los tiempos:Samper y Santos, ambos patrocinadores de Rafael Pardo"
"-1","@EnriquePenalosa"
"0","RT @PolyVarsan: Recordemos.. @johnsudarsky retir√≥ apoyo a @EnriquePenalosa por ""nexos"" con @AlvaroCruzGob URL @GNavasTal‚Ä¶"
"-1","Que agresividad la de @EnriquePenalosa en el #GranDebateLAFm #DebateAlcaldiaBogot√°"
